drg_code,drg_name,rw,avg_cost,rw_status
AA19,心肺移植,,,unpublished
AA29,肺移植,,,unpublished
AA39,心脏移植,29.1724,,published
AB19,同种异体肝移植,34.4600,,published
AB29,同种自体肝移植,,,unpublished
AC19,胰／肾联合移植,,,unpublished
AC29,肾移植,24.5727,,published
AC39,胰腺移植,,,unpublished
AG19,非同胞全相合异基因造血干细胞移植,21.0547,,published
AG29,同胞全相合异基因造血干细胞移植,19.2498,,published
AG39,自体骨髓／造血干细胞移植,9.6740,,published
AH19,ECMO或全人工心脏植入术,21.0422,,published
AH29,有创呼吸机支持≥96小时，伴CRRT,13.7519,,published
AH39,有创呼吸机支持≥96小时，不伴CRRT,6.9355,,published
BB19,神经系统复合手术,19.2038,,published
BB21,伴出血诊断的颅脑手术，伴严重合并症或并发症,8.7886,,published
BB23,伴出血诊断的颅脑手术，伴一般合并症或并发症,7.6702,,published
BB25,伴出血诊断的颅脑手术，不伴合并症或并发症,5.4806,,published
BB39,伴肿瘤诊断的颅脑手术,8.1145,,published
BB41,伴创伤诊断的颅脑手术，伴严重合并症或并发症,8.5861,,published
BB43,伴创伤诊断的颅脑手术，伴一般合并症或并发症,7.3692,,published
BB45,伴创伤诊断的颅脑手术，不伴合并症或并发症,4.7967,,published
BB51,其他颅脑相关手术，伴严重合并症或并发症,7.8720,,published
BB55,其他颅脑相关手术，不伴严重合并症或并发症,5.4911,,published
BC11,脑室分流及翻修手术，伴严重合并症或并发症,8.8092,,published
BC15,脑室分流及翻修手术，不伴严重合并症或并发症,7.2170,,published
BD13,脊柱脊髓手术，伴合并症或并发症,6.4419,,published
BD15,脊柱脊髓手术，不伴合并症或并发症,4.7880,,published
BD29,神经刺激发生器置入／置换术,9.6680,,published
BD39,中枢神经刺激器置入／置换术,23.6964,,published
BD49,周围神经刺激器置入／置换术,5.0110,,published
BE19,颈及脑血管手术,4.2235,,published
BE29,脑血管栓塞术,13.7446,,published
BE31,除外栓塞术的神经介入治疗，伴严重合并症或并发症,11.1225,,published
BE35,除外栓塞术的神经介入治疗，不伴严重合并症或并发症,8.2046,,published
BF19,神经系统的疼痛治疗,1.3365,,published
BJ13,神经系统其他手术，伴合并症或并发症,2.6093,,published
BJ15,神经系统其他手术，不伴合并症或并发症,1.0737,,published
BL11,神经系统血管病溶栓治疗，伴严重合并症或并发症,2.4011,,published
BL15,神经系统血管病溶栓治疗，不伴严重合并症或并发症,1.5755,,published
BM13,神经介入检查术，伴合并症或并发症,2.0083,,published
BM15,神经介入检查术，不伴合并症或并发症,1.4557,,published
BN11,神经系统早期康复治疗，伴严重合并症或并发症,1.8750,,published
BN15,神经系统早期康复治疗，不伴严重合并症或并发症,1.3217,,published
BP19,神经系统自身免疫性疾病的免疫治疗,3.4509,,published
BP29,其他神经系统疾病的免疫治疗,4.8424,,published
BR13,脑卒中，伴合并症或并发症,1.3375,,published
BR15,脑卒中，不伴合并症或并发症,0.8666,,published
BR29,其他脑缺血性疾病,0.6417,,published
BS11,非创伤性意识障碍，伴严重合并症或并发症,1.6845,,published
BS13,非创伤性意识障碍，伴一般合并症或并发症,1.0595,,published
BS15,非创伤性意识障碍，不伴合并症或并发症,0.6539,,published
BT11,病毒性脑、脊髓和脑膜炎，伴严重合并症或并发症,1.8356,,published
BT13,病毒性脑、脊髓和脑膜炎，伴一般合并症或并发症,1.0894,,published
BT15,病毒性脑、脊髓和脑膜炎，不伴合并症或并发症,0.8167,,published
BT21,细菌性脑、脊髓和脑膜炎，伴严重合并症或并发症,3.0961,,published
BT23,细菌性脑、脊髓和脑膜炎，伴一般合并症或并发症,1.8520,,published
BT25,细菌性脑、脊髓和脑膜炎，不伴合并症或并发症,1.3683,,published
BT33,神经系统的其他感染，伴合并症或并发症,1.1556,,published
BT35,神经系统的其他感染，不伴合并症或并发症,0.5884,,published
BT3C,神经系统的其他感染，不伴合并症或并发症，小于等于6岁,0.7985,,published
BU13,神经系统肿瘤，伴合并症或并发症,1.0806,,published
BU15,神经系统肿瘤，不伴合并症或并发症,0.8452,,published
BU23,神经系统变性疾病，伴合并症或并发症,1.0251,,published
BU25,神经系统变性疾病，不伴合并症或并发症,0.7134,,published
BU2C,神经系统变性疾病，不伴合并症或并发症，小于等于6岁,0.9266,,published
BU33,中枢神经系统脱髓鞘病，伴合并症或并发症,1.6528,,published
BU35,中枢神经系统脱髓鞘病，不伴合并症或并发症,0.9862,,published
BV11,癫痫，伴严重合并症或并发症,1.1794,,published
BV13,癫痫，伴一般合并症或并发症,0.7004,,published
BV15,癫痫，不伴合并症或并发症,0.4615,,published
BV1E,癫痫，伴严重合并症或并发症，大于等于70岁,1.4785,,published
BV1F,癫痫，伴一般合并症或并发症，大于等于70岁,0.9533,,published
BV1G,癫痫，不伴合并症或并发症，大于等于70岁,0.7483,,published
BV23,神经肌肉接头及肌肉病，伴合并症或并发症,1.1969,,published
BV25,神经肌肉接头及肌肉病，不伴合并症或并发症,0.6658,,published
BV2F,神经肌肉接头及肌肉病，伴合并症或并发症，大于等于70岁,1.0034,,published
BV2G,神经肌肉接头及肌肉病，不伴合并症或并发症，大于等于70岁,1.0035,,published
BV39,头痛,0.5492,,published
BW19,神经系统先天性疾病,0.7123,,published
BW29,脑性瘫痪,1.1392,,published
BX13,认知功能障碍，伴合并症或并发症,0.8448,,published
BX15,认知功能障碍，不伴合并症或并发症,0.7061,,published
BX1F,认知功能障碍，伴合并症或并发症，大于等于70岁,1.0301,,published
BX1G,认知功能障碍，不伴合并症或并发症，大于等于70岁,0.7642,,published
BX29,脑神经／周围神经疾病,0.6582,,published
BY11,颅脑损伤，伴严重合并症或并发症,2.3403,,published
BY13,颅脑损伤，伴一般合并症或并发症,1.2327,,published
BY15,颅脑损伤，不伴合并症或并发症,0.6624,,published
BY1G,颅脑损伤，不伴合并症或并发症，大于等于70岁,1.1442,,published
BY21,脊髓伤病及功能障碍，伴严重合并症或并发症,1.7289,,published
BY23,脊髓伤病及功能障碍，伴一般合并症或并发症,1.2678,,published
BY25,脊髓伤病及功能障碍，不伴合并症或并发症,0.8596,,published
BZ11,神经系统其他疾病，伴严重合并症或并发症,1.5507,,published
BZ13,神经系统其他疾病，伴一般合并症或并发症,0.9662,,published
BZ15,神经系统其他疾病，不伴合并症或并发症,0.6051,,published
CB19,角膜移植手术,1.5229,,published
CB29,玻璃体、视网膜、脉络膜联合晶状体手术,1.5062,,published
CB39,晶状体联合视网膜及晶状体以外的内眼手术,0.7158,,published
CB49,玻璃体视网膜脉络膜联合手术,1.3453,,published
CB59,玻璃体视网膜脉络膜其他手术,0.9075,,published
CB69,复杂白内障手术,0.9333,,published
CB79,晶状体其他手术,0.6571,,published
CB89,视网膜及晶状体以外的内眼手术,0.5001,,published
CB99,角膜、巩膜、结膜手术,0.3035,,published
CD19,眶骨骨折手术,2.9971,,published
CD29,眼眶其他手术,0.6682,,published
CD39,眼肌手术,0.5938,,published
CD49,除眼眶外的外眼手术,0.3254,,published
CD4D,除眼眶外的外眼手术，小于等于6岁,0.4323,,published
CJ19,其他眼部手术,0.4725,,published
CR19,眼部恶性肿瘤及交界性肿瘤,0.4943,,published
CS19,眼外肌、眼的神经及血管疾病,0.5084,,published
CT19,前房出血及眼创伤的非手术治疗,0.2648,,published
CU19,急性重大眼感染,0.2419,,published
CV19,各种类型青光眼,0.2902,,published
CV1H,各种类型青光眼，大于等于70岁,0.2810,,published
CW19,各种类型白内障,0.6246,,published
CX19,其他疾病引起眼部病变,0.6764,,published
CZ19,其他眼部疾病,0.3015,,published
DB19,鼻颅底复杂手术,2.2116,,published
DB29,鼻颅底一般手术,0.7319,,published
DC19,口腔颌面头颈缺损游离组织瓣修复术,1.4388,,published
DC29,头颈肿瘤根治联合组织皮瓣修复,5.1055,,published
DC39,口腔颌面头颈恶性肿瘤根治术,4.8601,,published
DC49,口腔颌面头颈缺损其他组织瓣修复术,0.4468,,published
DC53,口腔颌面头颈恶性肿瘤切除术，伴合并症或并发症,1.9164,,published
DC55,口腔颌面头颈恶性肿瘤切除术，不伴合并症或并发症,1.7163,,published
DC69,口腔颌面头颈良性肿瘤切除术,0.9541,,published
DC6H,口腔颌面头颈良性肿瘤切除术，大于等于70岁,1.0263,,published
DC79,唇、腭裂修补术,0.9989,,published
DD19,人工听觉装置植入,14.4816,,published
DD29,耳颅底手术,1.4856,,published
DD39,中耳／内耳／侧颅底手术,0.9236,,published
DD49,中耳病损切除及听力重建术,1.3333,,published
DD59,咽鼓管手术,1.4984,,published
DD69,鼓膜病损切除及修补术,1.0042,,published
DE19,耳廓及外耳道畸形矫正,1.0528,,published
DE29,鳃裂畸形根治手术,0.7703,,published
DE39,耳廓及外耳道病损切除术,0.5288,,published
DE3D,耳廓及外耳道病损切除术，小于等于6岁,0.4380,,published
DE49,耳部其他小手术,,,unpublished
DF19,鼻成形术,0.9108,,published
DF29,鼻腔、鼻窦手术,1.0326,,published
DG19,咽、喉、气管手术,0.8315,,published
DG1D,咽、喉、气管手术，小于等于6岁,1.2785,,published
DG29,扁桃体和／或腺样体切除手术,0.9575,,published
DH19,颅面骨正颌手术,1.4881,,published
DH29,颅面骨创伤手术,2.6996,,published
DH39,颞下颌关节手术,3.1217,,published
DH49,颅面骨其他手术,0.9475,,published
DJ19,头、颈、耳、鼻、咽、口其他手术,0.6323,,published
DK19,其他头、颈、耳、鼻、咽、口治疗操作,0.3681,,published
DR19,头、颈、耳、鼻、咽、口恶性肿瘤,1.3382,,published
DS19,平衡失调及听觉障碍,0.4790,,published
DT19,中耳炎及上呼吸道感染,0.2256,,published
DT1H,中耳炎及上呼吸道感染，大于等于70岁,0.3565,,published
DT29,会厌炎、喉炎及气管炎,0.2845,,published
DU19,头、颈、外耳、口鼻的创伤及变形,0.3396,,published
DV19,头、颈、耳、鼻、咽、口非恶性增生性疾病,0.4304,,published
DW19,口腔、牙齿有关疾病,0.4063,,published
DW1D,口腔、牙齿有关疾病，小于等于6岁,0.2691,,published
DW1H,口腔、牙齿有关疾病，大于等于70岁,0.4065,,published
DZ19,其他头、颈、耳、鼻、咽、口疾病,0.4892,,published
EB10,肺大手术，机器人辅助手术,6.3872,,published
EB19,肺大手术,5.7333,,published
EB29,肺其他手术,4.1533,,published
EC19,纵隔、气管、胸壁大手术,3.0695,,published
EC29,纵隔、气管、胸壁其他手术,3.1812,,published
ED11,除肺、纵隔、气管、胸壁外的其他手术，伴严重合并症或并发症,3.4921,,published
ED13,除肺、纵隔、气管、胸壁外的其他手术，伴一般合并症或并发症,1.4363,,published
ED15,除肺、纵隔、气管、胸壁外的其他手术，不伴合并症或并发症,1.1677,,published
EJ11,呼吸系统其他手术，伴严重合并症或并发症,11.8388,,published
EJ15,呼吸系统其他手术，不伴严重合并症或并发症,2.9964,,published
EK11,复杂呼吸介入手术／操作，伴严重合并症或并发症,2.6677,,published
EK13,复杂呼吸介入手术／操作，伴一般合并症或并发症,1.9573,,published
EK15,复杂呼吸介入手术／操作，不伴合并症或并发症,1.1995,,published
EK1G,复杂呼吸介入手术／操作，不伴合并症或并发症，大于等于70岁,3.0481,,published
EK21,一般呼吸介入手术／操作，伴严重合并症或并发症,1.6357,,published
EK23,一般呼吸介入手术／操作，伴一般合并症或并发症,1.5839,,published
EK25,一般呼吸介入手术／操作，不伴合并症或并发症,0.8091,,published
EK31,常规呼吸诊断性手术／操作，伴严重合并症或并发症,2.3281,,published
EK33,常规呼吸诊断性手术／操作，伴一般合并症或并发症,1.2255,,published
EK35,常规呼吸诊断性手术／操作，不伴合并症或并发症,0.9404,,published
EK3E,常规呼吸诊断性手术／操作，伴严重合并症或并发症，大于等于70岁,3.4441,,published
EK3F,常规呼吸诊断性手术／操作，伴一般合并症或并发症，大于等于70岁,1.6301,,published
EK3G,常规呼吸诊断性手术／操作，不伴合并症或并发症，大于等于70岁,1.2175,,published
EL19,有创呼吸机治疗小于96小时,3.2083,,published
EM11,呼吸系统感染／炎症的无创呼吸支持技术，伴严重合并症或并发症,2.1174,,published
EM15,呼吸系统感染／炎症的无创呼吸支持技术，不伴严重合并症或并发症,1.5911,,published
EM1G,呼吸系统感染／炎症的无创呼吸支持技术，不伴严重合并症或并发症，大于等于70岁,2.5304,,published
EM29,慢性气道阻塞病的无创呼吸支持技术,1.2203,,published
EN13,呼吸系统早期康复治疗，伴合并症或并发症,3.0438,,published
EN15,呼吸系统早期康复治疗，不伴合并症或并发症,1.1828,,published
EN1F,呼吸系统早期康复治疗，伴合并症或并发症，大于等于70岁,2.2807,,published
ER11,呼吸系统肿瘤，伴严重合并症或并发症,1.7054,,published
ER15,呼吸系统肿瘤，不伴严重合并症或并发症,1.5896,,published
ER23,肺水肿或呼吸衰竭，伴合并症或并发症,1.3847,,published
ER25,肺水肿或呼吸衰竭，不伴合并症或并发症,1.1279,,published
ES11,肺真菌病，伴严重合并症或并发症,2.0083,,published
ES13,肺真菌病，伴一般合并症或并发症,1.6546,,published
ES15,肺真菌病，不伴合并症或并发症,1.3775,,published
ES23,呼吸系统耐药结核，伴合并症或并发症,1.1719,,published
ES25,呼吸系统耐药结核，不伴合并症或并发症,1.1288,,published
ES31,呼吸系统非耐药结核，伴严重合并症或并发症,1.3150,,published
ES35,呼吸系统非耐药结核，不伴严重合并症或并发症,0.9011,,published
ES41,呼吸系统感染／炎症，伴严重合并症或并发症,1.1364,,published
ES43,呼吸系统感染／炎症，伴一般合并症或并发症,0.6191,,published
ES45,呼吸系统感染／炎症，不伴合并症或并发症,0.3924,,published
ES4E,呼吸系统感染／炎症，伴严重合并症或并发症，大于等于70岁,1.4902,,published
ES4F,呼吸系统感染／炎症，伴一般合并症或并发症，大于等于70岁,0.9490,,published
ES4G,呼吸系统感染／炎症，不伴合并症或并发症，大于等于70岁,0.6682,,published
ET13,肺间质性疾病，伴合并症或并发症,0.9624,,published
ET15,肺间质性疾病，不伴合并症或并发症,0.7058,,published
ET23,慢性气道阻塞病，伴合并症或并发症,0.7462,,published
ET25,慢性气道阻塞病，不伴合并症或并发症,0.6077,,published
EU13,重大胸部创伤，伴合并症或并发症,0.9238,,published
EU15,重大胸部创伤，不伴合并症或并发症,0.5251,,published
EV19,呼吸系统症状、体征,0.6241,,published
EW11,胸膜病变及胸腔积液，伴严重合并症或并发症,1.2752,,published
EW13,胸膜病变及胸腔积液，伴一般合并症或并发症,0.8730,,published
EW15,胸膜病变及胸腔积液，不伴合并症或并发症,0.5272,,published
EW1G,胸膜病变及胸腔积液，不伴合并症或并发症，大于等于70岁,0.9717,,published
EX13,哮喘及喘息性支气管炎，伴合并症或并发症,0.7361,,published
EX15,哮喘及喘息性支气管炎，不伴合并症或并发症,0.5382,,published
EX29,百日咳,0.4752,,published
EX2D,百日咳，小于等于6岁,0.5177,,published
EX39,急性支气管炎,0.2892,,published
EX3H,急性支气管炎，大于等于70岁,0.4331,,published
EZ13,其他呼吸系统疾病，伴合并症或并发症,1.1986,,published
EZ15,其他呼吸系统疾病，不伴合并症或并发症,0.6840,,published
FB19,瓣膜手术伴冠脉手术,18.2939,,published
FB21,心脏瓣膜手术，伴严重合并症或并发症,16.5518,,published
FB25,心脏瓣膜手术，不伴严重合并症或并发症,12.3582,,published
FB2G,心脏瓣膜手术，不伴严重合并症或并发症，大于等于70岁,16.6576,,published
FC19,冠状动脉手术,11.6950,,published
FD19,先天性心脏病复杂手术,8.7833,,published
FD23,先天性心脏病常规手术，伴合并症或并发症,5.8736,,published
FD25,先天性心脏病常规手术，不伴合并症或并发症,4.4324,,published
FE11,大血管复杂手术，伴严重合并症或并发症,32.7876,,published
FE15,大血管复杂手术，不伴严重合并症或并发症,19.0529,,published
FE29,大血管常规手术,7.4974,,published
FF19,外周血管手术伴介入操作,6.2495,,published
FF23,外周血管（除大隐静脉外）其他的手术，伴合并症或并发症,2.4197,,published
FF25,外周血管（除大隐静脉外）其他的手术，不伴合并症或并发症,1.2506,,published
FF39,大隐静脉和小隐静脉手术,1.0919,,published
FJ19,心血管系统其他手术,5.0912,,published
FJ1H,心血管系统其他手术，大于等于70岁,4.8469,,published
FK19,心脏循环辅助系统植入,6.9417,,published
FK29,伴急性心肌梗死／心衰／休克的心脏除颤器及心室同步,14.4514,,published
FK39,不伴急性心肌梗死／心衰／休克的心脏除颤器及心室同步,12.4085,,published
FK49,永久性起搏器植入／置换／更新,5.4377,,published
FL19,经皮瓣膜植入或修复术,20.0760,,published
FL29,经皮心脏消融术和经皮左心耳封堵术联合治疗,11.9086,,published
FL39,经皮心脏消融术伴房颤和／或房扑,8.5633,,published
FL49,经皮心脏消融术除房扑、房颤外其他心律失常,4.6557,,published
FL59,先天性心脏病介入治疗,2.8092,,published
FM19,经皮大血管复杂手术,14.5036,,published
FM29,经皮大血管常规手术,11.2275,,published
FM39,经皮冠状动脉支架植入,2.5902,,published
FM49,其他经皮心血管治疗,2.9893,,published
FM59,经皮心导管检查操作,1.0178,,published
FN19,下肢动脉经皮血管内治疗,6.1904,,published
FN29,其他外周血管的治疗,4.1073,,published
FN31,其他外周血管的检查，伴严重合并症或并发症,3.4612,,published
FN33,其他外周血管的检查，伴一般合并症或并发症,2.0112,,published
FN35,其他外周血管的检查，不伴合并症或并发症,1.4526,,published
FP11,心力衰竭、休克伴操作性治疗，伴严重合并症或并发症,2.5284,,published
FP15,心力衰竭、休克伴操作性治疗，不伴严重合并症或并发症,1.8232,,published
FQ19,心血管系统早期康复治疗,1.0341,,published
FR19,急性心肌梗死,1.2557,,published
FR21,心力衰竭、休克，伴严重合并症或并发症,1.0553,,published
FR23,心力衰竭、休克，伴一般合并症或并发症,0.8010,,published
FR25,心力衰竭、休克，不伴合并症或并发症,0.6878,,published
FR33,肺栓塞，伴合并症或并发症,1.3914,,published
FR35,肺栓塞，不伴合并症或并发症,1.0504,,published
FR49,心绞痛,0.6042,,published
FR59,冠状动脉粥样硬化／血栓／闭塞,0.5800,,published
FT11,心肌病，伴严重合并症或并发症,0.5559,,published
FT15,心肌病，不伴严重合并症或并发症,0.5293,,published
FT29,感染性心内膜炎,1.8113,,published
FT31,瓣膜疾病，伴严重合并症或并发症,1.0250,,published
FT35,瓣膜疾病，不伴严重合并症或并发症,0.6994,,published
FT43,心包疾病，伴合并症或并发症,1.1072,,published
FT45,心包疾病，不伴合并症或并发症,0.8123,,published
FU11,严重心律失常及心脏停搏，伴严重合并症或并发症,1.6937,,published
FU13,严重心律失常及心脏停搏，伴一般合并症或并发症,1.0660,,published
FU15,严重心律失常及心脏停搏，不伴合并症或并发症,0.6997,,published
FU1G,严重心律失常及心脏停搏，不伴合并症或并发症，大于等于70岁,1.3177,,published
FU29,心律失常及传导障碍,0.5183,,published
FU2H,心律失常及传导障碍，大于等于70岁,0.7060,,published
FV19,先天性心脏病,0.7961,,published
FV29,高血压,0.5155,,published
FV39,晕厥及／或虚脱,0.5694,,published
FW19,动脉疾病,0.8421,,published
FW23,静脉疾病，伴合并症或并发症,0.8401,,published
FW25,静脉疾病，不伴合并症或并发症,0.5441,,published
FZ11,其他循环系统疾病，伴严重合并症或并发症,0.8828,,published
FZ15,其他循环系统疾病，不伴严重合并症或并发症,0.5767,,published
GB19,胃肠道切除术联合肝及其他脏器手术,6.3317,,published
GB29,食管大手术,7.2680,,published
GB31,胃、十二指肠大手术，伴严重合并症或并发症,7.7960,,published
GB35,胃、十二指肠大手术，不伴严重合并症或并发症,5.8395,,published
GB40,小肠、大肠（含直肠）的大手术，机器人辅助手术,7.1680,,published
GB49,小肠、大肠（含直肠）的大手术,4.9501,,published
GC19,食管其他手术,3.1597,,published
GC21,胃、十二指肠其他手术，伴严重合并症或并发症,4.1020,,published
GC25,胃、十二指肠其他手术，不伴严重合并症或并发症,2.1631,,published
GC2G,胃、十二指肠其他手术，不伴严重合并症或并发症，大于等于70岁,3.4688,,published
GC31,小肠、大肠（含直肠）的其他手术，伴严重合并症或并发症,5.2196,,published
GC35,小肠、大肠（含直肠）的其他手术，不伴严重合并症或并发症,2.8987,,published
GD13,腹膜后肿瘤手术，伴合并症或并发症,4.3296,,published
GD15,腹膜后肿瘤手术，不伴合并症或并发症,3.3501,,published
GE19,伴穿孔、化脓、坏疽等阑尾切除术,1.0825,,published
GE1D,伴穿孔、化脓、坏疽等阑尾切除术，小于等于6岁,1.2374,,published
GE29,阑尾切除术,0.9662,,published
GF19,特殊类型疝手术,2.5695,,published
GF23,腹壁疝及脐疝手术，伴合并症或并发症,2.1574,,published
GF25,腹壁疝及脐疝手术，不伴合并症或并发症,1.4566,,published
GF2G,腹壁疝及脐疝手术，不伴合并症或并发症，大于等于70岁,2.4634,,published
GF39,双侧腹股沟疝及股疝手术,0.9205,,published
GF3H,双侧腹股沟疝及股疝手术，大于等于70岁,1.7251,,published
GF49,单侧腹股沟疝及股疝手术,0.9799,,published
GG19,肛管、肛门及肛周手术,0.8535,,published
GG29,直肠其他手术,0.9012,,published
GH13,腹腔／盆腔内粘连松解术，伴合并症或并发症,2.3824,,published
GH15,腹腔／盆腔内粘连松解术，不伴合并症或并发症,2.0534,,published
GJ13,消化系统其他手术，伴合并症或并发症,2.9451,,published
GJ15,消化系统其他手术，不伴合并症或并发症,1.2649,,published
GK19,消化系统其他内镜治疗操作,1.5271,,published
GK23,胃镜治疗操作，伴合并症或并发症,0.8528,,published
GK25,胃镜治疗操作，不伴合并症或并发症,0.6552,,published
GK2F,胃镜治疗操作，伴合并症或并发症，大于等于70岁,1.0890,,published
GK39,结肠镜治疗操作,0.7025,,published
GR11,消化系统恶性肿瘤，伴严重合并症或并发症,1.8132,,published
GR13,消化系统恶性肿瘤，伴一般合并症或并发症,1.2729,,published
GR15,消化系统恶性肿瘤，不伴合并症或并发症,1.0985,,published
GS11,胃肠出血，伴严重合并症或并发症,1.1763,,published
GS13,胃肠出血，伴一般合并症或并发症,0.8397,,published
GS15,胃肠出血，不伴合并症或并发症,0.6210,,published
GT19,炎症性肠病,0.5309,,published
GU11,消化道溃疡伴穿孔，伴严重合并症或并发症,1.5395,,published
GU13,消化道溃疡伴穿孔，伴一般合并症或并发症,0.9097,,published
GU15,消化道溃疡伴穿孔，不伴合并症或并发症,0.7074,,published
GU21,其他消化道溃疡，伴严重合并症或并发症,0.9441,,published
GU23,其他消化道溃疡，伴一般合并症或并发症,0.6841,,published
GU25,其他消化道溃疡，不伴合并症或并发症,0.5187,,published
GV13,消化道梗阻或腹痛，伴合并症或并发症,0.6495,,published
GV15,消化道梗阻或腹痛，不伴合并症或并发症,0.4542,,published
GW19,食管炎、胃肠炎,0.4140,,published
GZ19,其他消化系统疾病,0.5390,,published
HB13,胰切除和／或分流手术，伴合并症或并发症,9.5480,,published
HB15,胰切除和／或分流手术，不伴合并症或并发症,7.0229,,published
HB23,肝切除和／或分流手术，伴合并症或并发症,6.8051,,published
HB25,肝切除和／或分流手术，不伴合并症或并发症,4.7369,,published
HC13,胆总管、胆囊联合手术，伴合并症或并发症,3.2735,,published
HC15,胆总管、胆囊联合手术，不伴合并症或并发症,2.4142,,published
HC23,胆总管手术，伴合并症或并发症,3.9023,,published
HC25,胆总管手术，不伴合并症或并发症,2.5698,,published
HC33,除胆囊切除术以外的胆道手术，伴合并症或并发症,3.8753,,published
HC35,除胆囊切除术以外的胆道手术，不伴合并症或并发症,1.9728,,published
HC43,胆囊切除手术，伴合并症或并发症,1.5653,,published
HC45,胆囊切除手术，不伴合并症或并发症,1.2787,,published
HC4F,胆囊切除手术，伴合并症或并发症，大于等于70岁,1.8481,,published
HJ11,与肝、胆或胰腺疾病有关的其他手术，伴严重合并症或并发症,6.0532,,published
HJ13,与肝、胆或胰腺疾病有关的其他手术，伴一般合并症或并发症,3.5712,,published
HJ15,与肝、胆或胰腺疾病有关的其他手术，不伴合并症或并发症,2.3726,,published
HK11,食管曲张静脉出血的治疗性内镜操作，伴严重合并症或并发症,3.9610,,published
HK15,食管曲张静脉出血的治疗性内镜操作，不伴严重合并症或并发症,2.0456,,published
HL13,肝胆胰系统的治疗性操作，伴合并症或并发症,3.3717,,published
HL15,肝胆胰系统的治疗性操作，不伴合并症或并发症,2.5171,,published
HL23,肝胆胰系统的诊断性操作，伴合并症或并发症,3.0700,,published
HL25,肝胆胰系统的诊断性操作，不伴合并症或并发症,2.3791,,published
HR13,肝胆胰系统恶性肿瘤，伴合并症或并发症,1.6649,,published
HR15,肝胆胰系统恶性肿瘤，不伴合并症或并发症,1.1688,,published
HS11,肝功能衰竭，伴严重合并症或并发症,2.0514,,published
HS13,肝功能衰竭，伴一般合并症或并发症,1.6379,,published
HS15,肝功能衰竭，不伴合并症或并发症,1.2179,,published
HS23,肝硬化，伴合并症或并发症,1.1579,,published
HS25,肝硬化，不伴合并症或并发症,0.8190,,published
HS39,病毒性肝炎,0.7067,,published
HS3H,病毒性肝炎，大于等于70岁,0.8373,,published
HT11,重症胰腺炎，伴严重合并症或并发症,3.8501,,published
HT13,重症胰腺炎，伴一般合并症或并发症,1.9336,,published
HT15,重症胰腺炎，不伴合并症或并发症,1.4320,,published
HT23,急性胰腺炎，伴合并症或并发症,0.9745,,published
HT25,急性胰腺炎，不伴合并症或并发症,0.7392,,published
HT2G,急性胰腺炎，不伴合并症或并发症，大于等于70岁,0.9210,,published
HU13,急性胆道疾病，伴合并症或并发症,0.7914,,published
HU15,急性胆道疾病，不伴合并症或并发症,0.5509,,published
HZ13,其他肝脏疾病，伴合并症或并发症,0.9976,,published
HZ15,其他肝脏疾病，不伴合并症或并发症,0.7128,,published
HZ23,胆道其他疾病，伴合并症或并发症,0.6982,,published
HZ25,胆道其他疾病，不伴合并症或并发症,0.5287,,published
HZ33,胰腺其他疾病，伴合并症或并发症,0.9104,,published
HZ35,胰腺其他疾病，不伴合并症或并发症,0.6515,,published
IA19,骨与软组织肿瘤相关重建手术,6.6449,,published
IA23,其他骨与软组织肿瘤手术，伴合并症或并发症,2.7972,,published
IA25,其他骨与软组织肿瘤手术，不伴合并症或并发症,1.8760,,published
IB19,复杂脊柱疾病或3节段及以上脊柱融合手术或翻修手术,7.2466,,published
IB29,脊柱2节段及以下脊柱融合术,5.7695,,published
IB39,与脊柱有关的经皮可视手术,2.3488,,published
IB40,与脊柱有关的其他手术，机器人辅助手术,5.1399,,published
IB49,与脊柱有关的其他手术,2.4155,,published
IC19,髋、肩、膝、肘和踝关节假体翻修／修正手术,5.7289,,published
IC29,多部位髋、肩、膝、肘和踝关节置换术,5.9918,,published
IC30,其他髋、肩、膝、肘和踝关节置换术，机器人辅助手术,3.4069,,published
IC39,其他髋、肩、膝、肘和踝关节置换术,3.6353,,published
IC49,除置换／翻修外的髋、肩、膝、肘、踝和足部关节的修复、重建手术,2.5025,,published
IC59,除置换／翻修外的髋、肩、膝、肘、踝和足部关节其他手术,1.4070,,published
ID19,骨盆及下肢手术伴滤器置入,6.2588,,published
IE19,骨盆髋臼手术,2.5132,,published
IE20,股骨手术，机器人辅助手术,2.5043,,published
IE21,股骨手术，伴严重合并症或并发症,3.4557,,published
IE25,股骨手术，不伴严重合并症或并发症,2.5524,,published
IE33,除股骨以外的下肢骨手术，伴合并症或并发症,2.9466,,published
IE35,除股骨以外的下肢骨手术，不伴合并症或并发症,2.2239,,published
IE49,小关节手术,0.9522,,published
IE59,上肢骨手术,1.8288,,published
IE5H,上肢骨手术，大于等于70岁,2.2508,,published
IE69,指／趾再植手术,1.8416,,published
IE79,其他手外科手术,0.9007,,published
IF19,骨科固定装置去除／修正术,0.6979,,published
IG13,周围神经手术，伴合并症或并发症,1.5294,,published
IG15,周围神经手术，不伴合并症或并发症,1.1274,,published
IH19,肌肉、肌腱手术,0.6859,,published
IJ13,骨骼肌肉系统的其他手术，伴合并症或并发症,1.7019,,published
IJ15,骨骼肌肉系统的其他手术，不伴合并症或并发症,0.7971,,published
IN13,骨骼肌肉系统早期康复治疗，伴合并症或并发症,0.6122,,published
IN15,骨骼肌肉系统早期康复治疗，不伴合并症或并发症,0.5852,,published
IR13,骨盆骨折，伴合并症或并发症,0.7466,,published
IR15,骨盆骨折，不伴合并症或并发症,0.5793,,published
IR1F,骨盆骨折，伴合并症或并发症，大于等于70岁,0.9433,,published
IR21,股骨骨折，伴严重合并症或并发症,1.2657,,published
IR23,股骨骨折，伴一般合并症或并发症,0.9797,,published
IR25,股骨骨折，不伴合并症或并发症,1.0838,,published
IS19,前臂、腕、手或足损伤,0.4787,,published
IS29,除前臂、腕、手足外的损伤,0.5485,,published
IT19,骨髓炎,0.8740,,published
IT29,系统性风湿免疫病伴重要器官损害,1.0548,,published
IT33,系统性风湿免疫病，伴合并症或并发症,0.7703,,published
IT35,系统性风湿免疫病，不伴合并症或并发症,0.6546,,published
IT3G,系统性风湿免疫病，不伴合并症或并发症，大于等于70岁,0.9276,,published
IT49,非感染性炎症性骨骼肌肉疾病,0.5667,,published
IT53,感染性关节炎，伴合并症或并发症,0.9194,,published
IT55,感染性关节炎，不伴合并症或并发症,0.5234,,published
IU19,骨病及其他关节病,0.5526,,published
IU29,颈腰背疾病,0.4975,,published
IU33,骨骼、肌肉、结缔组织恶性病损、病理性骨折，伴合并症或并发症,0.8646,,published
IU35,骨骼、肌肉、结缔组织恶性病损、病理性骨折，不伴合并症或并发症,0.7079,,published
IV19,除脊柱外先天性骨骼肌肉系统疾病,0.5702,,published
IZ13,肌肉骨骼系统植入物／假体的康复照护，伴合并症或并发症,0.8869,,published
IZ15,肌肉骨骼系统植入物／假体的康复照护，不伴合并症或并发症,0.5302,,published
IZ1F,肌肉骨骼系统植入物／假体的康复照护，伴合并症或并发症，大于等于70岁,0.9972,,published
IZ23,骨骼、肌肉、肌腱、结缔组织的其他疾病，伴合并症或并发症,1.6139,,published
IZ25,骨骼、肌肉、肌腱、结缔组织的其他疾病，不伴合并症或并发症,0.7400,,published
JA19,乳房恶性肿瘤根治性切除伴乳房重建术,4.2474,,published
JA29,乳房恶性肿瘤根治性切除术,2.2943,,published
JB19,乳房成形手术,2.2474,,published
JB29,乳腺切除手术,0.8879,,published
JB2H,乳腺切除手术，大于等于70岁,1.1409,,published
JB39,其他乳房手术,0.7615,,published
JC19,颜面及其他皮肤、皮下组织成形术,0.3286,,published
JD13,皮肤移植手术，伴合并症或并发症,2.9113,,published
JD15,皮肤移植手术，不伴合并症或并发症,1.1303,,published
JD1G,皮肤移植手术，不伴合并症或并发症，大于等于70岁,1.6890,,published
JD23,皮肤清创手术，伴合并症或并发症,1.3050,,published
JD25,皮肤清创手术，不伴合并症或并发症,0.6891,,published
JD2G,皮肤清创手术，不伴合并症或并发症，大于等于70岁,1.1336,,published
JJ19,皮肤、皮下组织的其他手术,0.4492,,published
JJ1D,皮肤、皮下组织的其他手术，小于等于6岁,0.5362,,published
JR19,乳房恶性肿瘤,1.5349,,published
JR29,皮肤、皮下组织的恶性肿瘤,1.0808,,published
JS13,重大皮肤疾病，伴合并症或并发症,1.2354,,published
JS15,重大皮肤疾病，不伴合并症或并发症,0.5359,,published
JS1F,重大皮肤疾病，伴合并症或并发症，大于等于70岁,1.6491,,published
JS1G,重大皮肤疾病，不伴合并症或并发症，大于等于70岁,0.6669,,published
JS29,自身免疫性疱病,0.8501,,published
JS39,重症药疹,1.9107,,published
JS49,炎症性皮肤病,0.3933,,published
JT19,乳房、皮肤、皮下组织创伤,0.3918,,published
JU13,感染性皮肤病，伴合并症或并发症,1.0096,,published
JU15,感染性皮肤病，不伴合并症或并发症,0.4504,,published
JU1G,感染性皮肤病，不伴合并症或并发症，大于等于70岁,0.6902,,published
JV19,皮肤、皮下组织的非恶性增生性病变,0.3911,,published
JV29,乳房良性病变,0.4390,,published
JZ13,其他皮肤及乳腺疾病，伴合并症或并发症,0.6388,,published
JZ15,其他皮肤及乳腺疾病，不伴合并症或并发症,0.3316,,published
JZ1F,其他皮肤及乳腺疾病，伴合并症或并发症，大于等于70岁,0.9291,,published
JZ1G,其他皮肤及乳腺疾病，不伴合并症或并发症，大于等于70岁,0.5453,,published
KB19,肾上腺手术,2.5478,,published
KC19,垂体手术,4.4541,,published
KD19,甲状腺、甲状旁腺大手术,1.7530,,published
KD29,甲状旁腺、甲状舌管及甲状腺其他手术,1.5844,,published
KE19,减重手术,4.7060,,published
KF19,因内分泌、营养、代谢疾病的截肢手术,3.4378,,published
KJ11,因内分泌、营养、代谢疾病的其他手术，伴严重合并症或并发症,2.4214,,published
KJ13,因内分泌、营养、代谢疾病的其他手术，伴一般合并症或并发症,2.2901,,published
KJ15,因内分泌、营养、代谢疾病的其他手术，不伴合并症或并发症,1.9488,,published
KR19,内分泌腺体肿瘤,0.8645,,published
KS11,糖尿病合并急性并发症，伴严重合并症或并发症,1.3235,,published
KS15,糖尿病合并急性并发症，不伴严重合并症或并发症,0.6965,,published
KS23,糖尿病性血管病变，伴合并症或并发症,1.3509,,published
KS25,糖尿病性血管病变，不伴合并症或并发症,0.9487,,published
KS39,糖尿病合并其他并发症,0.6524,,published
KT19,内分泌、营养、代谢疾病,0.3767,,published
KU11,营养失调，伴严重合并症或并发症,1.2183,,published
KU13,营养失调，伴一般合并症或并发症,0.8416,,published
KU15,营养失调，不伴合并症或并发症,0.5452,,published
KV13,先天性代谢异常，伴合并症或并发症,0.7545,,published
KV15,先天性代谢异常，不伴合并症或并发症,0.4948,,published
KV1F,先天性代谢异常，伴合并症或并发症，大于等于70岁,0.6738,,published
KZ13,其他代谢疾病，伴合并症或并发症,0.7550,,published
KZ15,其他代谢疾病，不伴合并症或并发症,0.4379,,published
LA19,膀胱根治性切除术,6.3178,,published
LA20,肾脏大手术，机器人辅助手术,5.5893,,published
LA29,肾脏大手术,2.8878,,published
LB19,肾脏结石手术,2.2387,,published
LB29,肾脏其他手术,1.6999,,published
LC19,输尿管手术,1.4270,,published
LD19,膀胱其他手术,1.3788,,published
LE19,尿道手术,1.0550,,published
LF11,肾透析相关手术，伴严重合并症或并发症,1.8112,,published
LF15,肾透析相关手术，不伴严重合并症或并发症,1.2617,,published
LJ13,泌尿系统其他手术，伴合并症或并发症,0.6078,,published
LJ15,泌尿系统其他手术，不伴合并症或并发症,0.4399,,published
LJ1F,泌尿系统其他手术，伴合并症或并发症，大于等于70岁,0.9690,,published
LJ1G,泌尿系统其他手术，不伴合并症或并发症，大于等于70岁,0.7557,,published
LL11,肾透析，伴严重合并症或并发症,1.5332,,published
LL13,肾透析，伴一般合并症或并发症,1.0869,,published
LL15,肾透析，不伴合并症或并发症,1.0289,,published
LL1E,肾透析，伴严重合并症或并发症，大于等于70岁,1.7646,,published
LL1F,肾透析，伴一般合并症或并发症，大于等于70岁,1.1518,,published
LR11,肾功能不全，伴严重合并症或并发症,1.2414,,published
LR15,肾功能不全，不伴严重合并症或并发症,0.7350,,published
LS13,重症肾炎及肾病，伴合并症或并发症,0.9811,,published
LS15,重症肾炎及肾病，不伴合并症或并发症,0.5702,,published
LS23,肾炎及肾病，伴合并症或并发症,0.7605,,published
LS25,肾炎及肾病，不伴合并症或并发症,0.5229,,published
LT13,肾及尿路肿瘤，伴合并症或并发症,1.0766,,published
LT15,肾及尿路肿瘤，不伴合并症或并发症,0.9242,,published
LU13,肾及尿路感染，伴合并症或并发症,0.6145,,published
LU15,肾及尿路感染，不伴合并症或并发症,0.3871,,published
LU1F,肾及尿路感染，伴合并症或并发症，大于等于70岁,0.7487,,published
LU1G,肾及尿路感染，不伴合并症或并发症，大于等于70岁,0.4814,,published
LV19,代谢性肾病,0.7368,,published
LW19,肾、尿路体征及症状,0.4674,,published
LX13,尿路结石、阻塞及尿道狭窄，伴合并症或并发症,0.3798,,published
LX15,尿路结石、阻塞及尿道狭窄，不伴合并症或并发症,0.3418,,published
LX1G,尿路结石、阻塞及尿道狭窄，不伴合并症或并发症，大于等于70岁,0.4852,,published
LZ13,肾及泌尿系统其他疾病，伴合并症或并发症,0.8877,,published
LZ15,肾及泌尿系统其他疾病，不伴合并症或并发症,0.5505,,published
MB10,前列腺大手术，机器人辅助手术,6.0107,,published
MB19,前列腺大手术,1.9301,,published
MB29,前列腺手术,2.2815,,published
MC19,阴茎手术,0.6413,,published
MC1D,阴茎手术，小于等于6岁,0.6649,,published
MD19,睾丸手术,0.6879,,published
MJ19,其他男性生殖系统手术,0.2384,,published
MJ1D,其他男性生殖系统手术，小于等于6岁,0.3145,,published
MJ1H,其他男性生殖系统手术，大于等于70岁,0.9127,,published
MR13,男性生殖系统恶性肿瘤，伴合并症或并发症,1.3436,,published
MR15,男性生殖系统恶性肿瘤，不伴合并症或并发症,1.0351,,published
MS19,男性生殖系统炎症,0.3706,,published
MZ19,其他男性生殖系统疾病,0.7141,,published
NA10,女性生殖器官恶性肿瘤的广泛切除手术，机器人辅助手术,5.1150,,published
NA19,女性生殖器官恶性肿瘤的广泛切除手术,3.5634,,published
NA23,女性生殖器官恶性肿瘤除广泛切除术以外的手术，伴合并症或并发症,3.3338,,published
NA25,女性生殖器官恶性肿瘤除广泛切除术以外的手术，不伴合并症或并发症,2.5011,,published
NB19,女性生殖系统重建手术（移植物植入）,1.9546,,published
NB23,女性生殖系统重建手术（无移植物植入），伴合并症或并发症,1.4901,,published
NB25,女性生殖系统重建手术（无移植物植入），不伴合并症或并发症,1.0500,,published
NC10,子宫联合附件手术，机器人辅助手术,3.3956,,published
NC19,子宫联合附件手术,1.8663,,published
NC29,子宫（除子宫腔内病变以外）手术,1.4352,,published
NC39,附件手术,1.3619,,published
NE19,子宫腔内病变手术,0.6720,,published
NF19,外阴、阴道、宫颈手术,0.4909,,published
NF1H,外阴、阴道、宫颈手术，大于等于70岁,0.6690,,published
NG19,辅助生殖技术,,,unpublished
NJ13,女性生殖系统其他手术，伴合并症或并发症,2.1360,,published
NJ15,女性生殖系统其他手术，不伴合并症或并发症,1.7800,,published
NR13,女性生殖系统恶性肿瘤，伴合并症或并发症,1.4181,,published
NR15,女性生殖系统恶性肿瘤，不伴合并症或并发症,0.9043,,published
NS19,女性生殖系统感染,0.3620,,published
NZ19,女性生殖系统其他疾病,0.4232,,published
OB11,剖宫产术和子宫、附件手术，伴严重合并症或并发症,2.5895,,published
OB15,剖宫产术和子宫、附件手术，不伴严重合并症或并发症,1.0190,,published
OB21,剖宫产术，伴严重合并症或并发症,1.5763,,published
OB25,剖宫产术，不伴严重合并症或并发症,0.9575,,published
OC19,阴道助产手术，椎管内镇痛,1.9214,,published
OC29,阴道助产手术,0.8504,,published
OC39,阴道分娩伴手术操作，椎管内镇痛,1.0251,,published
OC49,阴道分娩伴手术操作,0.5807,,published
OD19,与妊娠相关的子宫及附件手术,1.0451,,published
OD29,与妊娠相关的的外阴、阴道及宫颈手术,0.4965,,published
OD39,胎儿宫内治疗,0.4946,,published
OE19,异位妊娠手术,0.9787,,published
OF19,中期引产手术操作,0.3707,,published
OF29,早期流产手术操作,0.2395,,published
OJ13,与妊娠、分娩相关的其他手术操作，伴合并症或并发症,0.5930,,published
OJ15,与妊娠、分娩相关的其他手术操作，不伴合并症或并发症,0.4804,,published
OL19,阴道分娩，椎管内镇痛,0.8641,,published
OR19,阴道分娩,0.6892,,published
OS19,产褥期相关疾病,0.3805,,published
OS29,流产相关疾病,0.2529,,published
OT19,异位妊娠,0.3893,,published
OZ19,妊娠期相关疾病,0.3432,,published
PB19,新生儿（出生年龄＜29天）心血管手术,,,unpublished
PC19,新生儿（出生年龄＜29天）除心血管外复杂手术,6.4934,,published
PD13,新生儿（出生年龄＜29天）腹部手术，伴合并症或并发症,5.0968,,published
PD15,新生儿（出生年龄＜29天）腹部手术，不伴合并症或并发症,,,unpublished
PJ19,新生儿（出生年龄＜29天）其他手术,0.7238,,published
PK11,新生儿伴呼吸机支持，伴严重合并症或并发症,3.2724,,published
PK13,新生儿伴呼吸机支持，伴一般合并症或并发症,2.6528,,published
PK15,新生儿伴呼吸机支持，不伴合并症或并发症,1.6897,,published
PR11,新生儿呼吸窘迫综合征，伴严重合并症或并发症,2.3055,,published
PR13,新生儿呼吸窘迫综合征，伴一般合并症或并发症,1.6480,,published
PR15,新生儿呼吸窘迫综合征，不伴合并症或并发症,1.3153,,published
PS19,极度发育不全（入院体重＜1000g）,4.1579,,published
PS29,极度发育不全（入院体重1000-1499g）,5.7948,,published
PS39,早产儿（入院体重1500-1999g）,2.3283,,published
PS41,早产儿（入院体重2000-2499g），伴严重合并症或并发症,1.2476,,published
PS43,早产儿（入院体重2000-2499g），伴一般合并症或并发症,1.1367,,published
PS45,早产儿（入院体重2000-2499g），不伴合并症或并发症,0.9468,,published
PS51,早产儿（入院体重≥2500g），伴严重合并症或并发症,1.1085,,published
PS53,早产儿（入院体重≥2500g），伴一般合并症或并发症,0.8140,,published
PS55,早产儿（入院体重≥2500g），不伴合并症或并发症,0.6695,,published
PU11,足月儿重度疾病，伴严重合并症或并发症,1.4443,,published
PU13,足月儿重度疾病，伴一般合并症或并发症,1.0471,,published
PU15,足月儿重度疾病，不伴合并症或并发症,0.7864,,published
PU21,足月儿中度疾病，伴严重合并症或并发症,0.8521,,published
PU25,足月儿中度疾病，不伴严重合并症或并发症,0.5781,,published
PU33,足月儿轻度疾病，伴合并症或并发症,0.6229,,published
PU35,足月儿轻度疾病，不伴合并症或并发症,0.4588,,published
PV11,源于新生儿（29天≤出生年龄＜1周岁）诊断的婴儿疾病，伴严重合并症或并发症,1.6534,,published
PV13,源于新生儿（29天≤出生年龄＜1周岁）诊断的婴儿疾病，伴一般合并症或并发症,0.7183,,published
PV15,源于新生儿（29天≤出生年龄＜1周岁）诊断的婴儿疾病，不伴合并症或并发症,0.5746,,published
QB19,脾切除术,3.5930,,published
QJ13,非特指部位、组织、器官的良性肿瘤手术，伴合并症或并发症,1.7881,,published
QJ15,非特指部位、组织、器官的良性肿瘤手术，不伴合并症或并发症,1.0951,,published
QK19,血液疾病血浆置换,5.9875,,published
QR19,急性移植物抗宿主病,8.1012,,published
QR29,非急性移植物抗宿主病,2.8539,,published
QR33,网状内皮及免疫性疾病，伴合并症或并发症,1.0565,,published
QR35,网状内皮及免疫性疾病，不伴合并症或并发症,0.5996,,published
QS13,红细胞病及营养性贫血，伴合并症或并发症,0.7776,,published
QS15,红细胞病及营养性贫血，不伴合并症或并发症,0.6245,,published
QS23,溶血性贫血，伴合并症或并发症,0.9478,,published
QS25,溶血性贫血，不伴合并症或并发症,0.2372,,published
QS33,重型再生障碍性贫血，伴合并症或并发症,1.9053,,published
QS35,重型再生障碍性贫血，不伴合并症或并发症,1.2962,,published
QS43,其他再生障碍性贫血，伴合并症或并发症,1.0330,,published
QS45,其他再生障碍性贫血，不伴合并症或并发症,0.6763,,published
QS53,其他贫血，伴合并症或并发症,0.6948,,published
QS55,其他贫血，不伴合并症或并发症,0.5103,,published
QT13,免疫性血小板减少，伴合并症或并发症,1.4726,,published
QT15,免疫性血小板减少，不伴合并症或并发症,1.0507,,published
QT23,非免疫性血小板减少，伴合并症或并发症,0.8864,,published
QT25,非免疫性血小板减少，不伴合并症或并发症,0.6997,,published
QT33,凝血因子缺乏，伴合并症或并发症,1.3876,,published
QT35,凝血因子缺乏，不伴合并症或并发症,0.6249,,published
QT49,血栓性疾病,1.5452,,published
QT53,其他血栓与止血，伴合并症或并发症,0.6840,,published
QT55,其他血栓与止血，不伴合并症或并发症,0.3706,,published
RA13,淋巴瘤、白血病等伴重大手术，伴合并症或并发症,4.1286,,published
RA15,淋巴瘤、白血病等伴重大手术，不伴合并症或并发症,2.5135,,published
RA29,淋巴瘤、白血病等伴其他手术,2.3538,,published
RA39,骨髓增生性疾病或恶性增生性疾病等伴重大手术,3.0915,,published
RA49,骨髓增生性疾病或恶性增生性疾病等伴其他手术,2.6040,,published
RK11,急性白血病化学治疗和／或其他治疗，伴严重合并症或并发症,5.7550,,published
RK13,急性白血病化学治疗和／或其他治疗，伴一般合并症或并发症,3.3216,,published
RK15,急性白血病化学治疗和／或其他治疗，不伴合并症或并发症,1.3277,,published
RK23,淋巴瘤、多发骨髓瘤化学治疗和／或其他治疗，伴合并症或并发症,1.4612,,published
RK25,淋巴瘤、多发骨髓瘤化学治疗和／或其他治疗，不伴合并症或并发症,0.7668,,published
RL13,恶性及增生性疾病放射联合化疗／靶向／免疫治疗，伴合并症或并发症,5.4151,,published
RL15,恶性及增生性疾病放射联合化疗／靶向／免疫治疗，不伴合并症或并发症,4.2976,,published
RL23,恶性及增生性疾病TOMO及放射外科治疗，伴合并症或并发症,4.3249,,published
RL25,恶性及增生性疾病TOMO及放射外科治疗，不伴合并症或并发症,3.6611,,published
RL33,恶性及增生性疾病其他体外照射，伴合并症或并发症,4.1595,,published
RL35,恶性及增生性疾病其他体外照射，不伴合并症或并发症,3.2373,,published
RL49,恶性及增生性疾病放射性粒子植入术,3.1959,,published
RL53,恶性及增生性疾病其他近距离照射，伴合并症或并发症,2.4551,,published
RL55,恶性及增生性疾病其他近距离照射，不伴合并症或并发症,1.8834,,published
RL5G,恶性及增生性疾病其他近距离照射，不伴合并症或并发症，大于等于70岁,2.7340,,published
RM19,恶性及增生性疾病介入联合化疗／靶向／免疫治疗,2.4552,,published
RM29,恶性及增生性疾病介入、消融治疗,2.7216,,published
RN19,白血病的联合治疗,1.7129,,published
RN29,淋巴瘤、骨髓瘤的联合治疗,1.4092,,published
RN39,骨髓增殖性肿瘤及骨髓增生异常肿瘤的联合治疗,,,unpublished
RN49,恶性肿瘤化学、靶向、免疫联合治疗,1.0047,,published
RP19,白血病常规靶向、免疫治疗,0.9739,,published
RP29,淋巴瘤、骨髓瘤常规靶向、免疫治疗,0.8735,,published
RP39,骨髓增殖性肿瘤及骨髓增生异常肿瘤常规靶向、免疫治疗,1.1347,,published
RP49,其他恶性及增生性疾病常规靶向、免疫治疗,0.4788,,published
RP59,白血病常规化疗,1.5880,,published
RP69,淋巴瘤、骨髓瘤常规化疗,0.8112,,published
RP73,骨髓增殖性肿瘤及骨髓增生异常肿瘤常规化疗，伴合并症或并发症,1.5158,,published
RP75,骨髓增殖性肿瘤及骨髓增生异常肿瘤常规化疗，不伴合并症或并发症,0.9558,,published
RP89,其他恶性及增生性疾病常规化疗,0.6922,,published
RQ13,恶性及增生性疾病的终末期治疗，伴合并症或并发症,0.9297,,published
RQ15,恶性及增生性疾病的终末期治疗，不伴合并症或并发症,0.7252,,published
RR11,急性白血病，伴严重合并症或并发症,5.0453,,published
RR13,急性白血病，伴一般合并症或并发症,2.7517,,published
RR15,急性白血病，不伴合并症或并发症,1.3464,,published
RS11,淋巴瘤及其他类型白血病，伴严重合并症或并发症,2.3595,,published
RS13,淋巴瘤及其他类型白血病，伴一般合并症或并发症,1.5773,,published
RS15,淋巴瘤及其他类型白血病，不伴合并症或并发症,1.0628,,published
RS21,浆细胞病，伴严重合并症或并发症,3.3811,,published
RS23,浆细胞病，伴一般合并症或并发症,1.5899,,published
RS25,浆细胞病，不伴合并症或并发症,1.0539,,published
RT13,非特指恶性肿瘤，伴合并症或并发症,1.6690,,published
RT15,非特指恶性肿瘤，不伴合并症或并发症,1.1118,,published
RT29,非特指良性肿瘤,0.5892,,published
RU19,恶性及增生性疾病放射性核素治疗,1.3987,,published
RU23,恶性及增生性疾病其他治疗，伴合并症或并发症,1.0496,,published
RU25,恶性及增生性疾病其他治疗，不伴合并症或并发症,0.6229,,published
RW19,恶性及增生性疾病治疗后的随诊检查,0.4301,,published
RW21,恶性及增生性疾病维持性治疗，伴严重合并症或并发症,1.0765,,published
RW23,恶性及增生性疾病维持性治疗，伴一般合并症或并发症,0.7769,,published
RW25,恶性及增生性疾病维持性治疗，不伴合并症或并发症,0.5687,,published
SB11,全身性感染疾病的手术，伴严重合并症或并发症,4.1144,,published
SB13,全身性感染疾病的手术，伴一般合并症或并发症,2.1110,,published
SB15,全身性感染疾病的手术，不伴合并症或并发症,1.3078,,published
SR11,脓毒症，伴严重合并症或并发症,2.1580,,published
SR13,脓毒症，伴一般合并症或并发症,0.9030,,published
SR15,脓毒症，不伴合并症或并发症,0.4231,,published
SR1G,脓毒症，不伴合并症或并发症，大于等于70岁,1.6527,,published
SS13,手术后及创伤后感染，伴合并症或并发症,1.0287,,published
SS15,手术后及创伤后感染，不伴合并症或并发症,0.5948,,published
ST13,原因不明的发热，伴合并症或并发症,0.7186,,published
ST15,原因不明的发热，不伴合并症或并发症,0.4661,,published
SU19,病毒性疾病,0.3056,,published
SU1H,病毒性疾病，大于等于70岁,0.3448,,published
SV13,细菌性疾病，伴合并症或并发症,0.9693,,published
SV15,细菌性疾病，不伴合并症或并发症,0.4423,,published
SV1F,细菌性疾病，伴合并症或并发症，大于等于70岁,1.3979,,published
SV1G,细菌性疾病，不伴合并症或并发症，大于等于70岁,0.8968,,published
SW19,肺外结核,0.7210,,published
SX19,侵袭性真菌病,1.9381,,published
SY13,非结核分枝杆菌感染，伴合并症或并发症,1.1943,,published
SY15,非结核分枝杆菌感染，不伴合并症或并发症,0.7373,,published
SZ19,其他感染性或寄生虫性疾病,0.4662,,published
SZ1H,其他感染性或寄生虫性疾病，大于等于70岁,0.9574,,published
TB13,精神病患者的手术，伴合并症或并发症,1.3467,,published
TB15,精神病患者的手术，不伴合并症或并发症,0.8043,,published
TR19,精神分裂症,0.8486,,published
TR29,偏执及急性精神病,0.6901,,published
TS19,心境障碍,0.8591,,published
TS29,神经症及相关障碍,0.4225,,published
TT19,进食障碍,0.4060,,published
TT29,睡眠障碍,0.6815,,published
TT39,人格障碍,0.4811,,published
TU19,儿童期精神发育障碍,0.9684,,published
TV19,焦虑障碍,0.5137,,published
TW13,器质性及症状性精神障碍，伴合并症或并发症,1.1307,,published
TW15,器质性及症状性精神障碍，不伴合并症或并发症,0.6649,,published
TX19,性心理及性功能障碍,0.2669,,published
TY19,强迫及相关障碍,0.9863,,published
UR19,酒精中毒及戒除,0.3972,,published
US19,兴奋剂滥用与依赖,0.4661,,published
VB19,损伤的皮肤移植,1.4616,,published
VC13,与损伤有关的清创术，伴合并症或并发症,1.2932,,published
VC15,与损伤有关的清创术，不伴合并症或并发症,0.6388,,published
VJ13,其他损伤的手术，伴合并症或并发症,2.9677,,published
VJ15,其他损伤的手术，不伴合并症或并发症,0.8259,,published
VR13,损伤，伴合并症或并发症,0.6513,,published
VR15,损伤，不伴合并症或并发症,0.3545,,published
VS19,过敏反应,0.4159,,published
VS21,药物中毒或毒性反应，伴严重合并症或并发症,1.2712,,published
VS23,药物中毒或毒性反应，伴一般合并症或并发症,0.6666,,published
VS25,药物中毒或毒性反应，不伴合并症或并发症,0.3360,,published
VS2G,药物中毒或毒性反应，不伴合并症或并发症，大于等于70岁,0.6657,,published
VT13,医疗后遗症，伴合并症或并发症,1.0333,,published
VT15,医疗后遗症，不伴合并症或并发症,0.4658,,published
VT1G,医疗后遗症，不伴合并症或并发症，大于等于70岁,0.8658,,published
VZ13,其他损伤、中毒及毒性反应疾病，伴合并症或并发症,1.5245,,published
VZ15,其他损伤、中毒及毒性反应疾病，不伴合并症或并发症,0.5199,,published
WB19,烧伤面积≥50%，或三度面积≥20%的烧伤，伴有手术操作,19.3805,,published
WB29,烧伤面积≥30%，＜50%，或三度面积≥10%，＜20%的烧伤，伴有手术操作,6.0463,,published
WB39,烧伤面积＜30%或其他烧伤，伴有手术操作,2.5708,,published
WJ19,烧伤相关其他手术,3.6761,,published
WR19,烧伤面积≥30%的烧伤,7.6064,,published
WR23,烧伤面积＜30%的烧伤或其他烧伤，伴合并症或并发症,1.4174,,published
WR25,烧伤面积＜30%的烧伤或其他烧伤，不伴合并症或并发症,0.6559,,published
XC13,疼痛的手术治疗，伴合并症或并发症,1.1504,,published
XC15,疼痛的手术治疗，不伴合并症或并发症,0.8685,,published
XJ11,其他接触健康服务的诊断伴手术操作，伴严重合并症或并发症,1.5551,,published
XJ15,其他接触健康服务的诊断伴手术操作，不伴严重合并症或并发症,0.9423,,published
XJ1G,其他接触健康服务的诊断伴手术操作，不伴严重合并症或并发症，大于等于70岁,1.2581,,published
XR19,精神心理康复,0.4252,,published
XR21,神经、骨骼及肌肉康复，伴严重合并症或并发症,1.4791,,published
XR23,神经、骨骼及肌肉康复，伴一般合并症或并发症,1.3757,,published
XR25,神经、骨骼及肌肉康复，不伴合并症或并发症,0.5528,,published
XR2G,神经、骨骼及肌肉康复，不伴合并症或并发症，大于等于70岁,0.9503,,published
XR31,功能障碍康复，伴严重合并症或并发症,1.0991,,published
XR33,功能障碍康复，伴一般合并症或并发症,0.9083,,published
XR35,功能障碍康复，不伴合并症或并发症,0.5530,,published
XR3G,功能障碍康复，不伴合并症或并发症，大于等于70岁,0.7664,,published
XS11,体征及症状，伴严重合并症或并发症,1.2406,,published
XS13,体征及症状，伴一般合并症或并发症,0.5442,,published
XS15,体征及症状，不伴合并症或并发症,0.4012,,published
XS23,非恶性肿瘤的随访，伴合并症或并发症,0.6302,,published
XS25,非恶性肿瘤的随访，不伴合并症或并发症,0.2899,,published
XS2F,非恶性肿瘤的随访，伴合并症或并发症，大于等于70岁,1.0346,,published
XS2G,非恶性肿瘤的随访，不伴合并症或并发症，大于等于70岁,0.5537,,published
XT19,其他后期照护,0.2203,,published
XT1D,其他后期照护，小于等于6岁,0.4521,,published
XT1H,其他后期照护，大于等于70岁,0.2242,,published
XT29,非特指的先天畸形,0.4657,,published
XT33,其他影响健康状态的因素，伴合并症或并发症,0.8592,,published
XT35,其他影响健康状态的因素，不伴合并症或并发症,0.5542,,published
XT3G,其他影响健康状态的因素，不伴合并症或并发症，大于等于70岁,0.6858,,published
YC19,HIV相关疾病的手术,2.0537,,published
YR11,HIV相关疾病，伴严重合并症或并发症,1.2430,,published
YR13,HIV相关疾病，伴一般合并症或并发症,1.1648,,published
YR15,HIV相关疾病，不伴合并症或并发症,0.8739,,published
ZB19,多发性严重创伤开颅术,10.3296,,published
ZC11,多发性严重创伤的脊柱、髋、股或肢体手术，伴严重合并症或并发症,6.6720,,published
ZC15,多发性严重创伤的脊柱、髋、股或肢体手术，不伴严重合并症或并发症,4.5156,,published
ZD19,严重复合伤的腹部手术,4.9996,,published
ZJ11,与多发伤有关的其他手术操作，伴严重合并症或并发症,7.0915,,published
ZJ15,与多发伤有关的其他手术操作，不伴严重合并症或并发症,3.7644,,published
ZZ11,多发性重要创伤无手术，伴严重合并症或并发症,2.3653,,published
ZZ15,多发性重要创伤无手术，不伴严重合并症或并发症,1.1230,,published
