kind,code
diagnoses,B95.000
diagnoses,B95.100
diagnoses,B95.200
diagnoses,B95.300
diagnoses,B95.400
diagnoses,B95.500
diagnoses,B95.600
diagnoses,B95.700
diagnoses,B95.800
diagnoses,B96.000
diagnoses,B96.100
diagnoses,B96.200
diagnoses,B96.300
diagnoses,B96.400
diagnoses,B96.501
diagnoses,B96.600
diagnoses,B96.700
diagnoses,B96.800
diagnoses,B96.801
diagnoses,B97.000
diagnoses,B97.100
diagnoses,B97.200
diagnoses,B97.300
diagnoses,B97.400
diagnoses,B97.500
diagnoses,B97.600
diagnoses,B97.700
diagnoses,B97.800
diagnoses,B98.000
diagnoses,B98.100
diagnoses,I25.200
diagnoses,I25.200x006
diagnoses,I25.200x009
diagnoses,I25.200x011
diagnoses,I25.200x012
diagnoses,I25.200x014
diagnoses,I25.200x015
diagnoses,I25.200x016
diagnoses,I25.200x017
diagnoses,I25.200x018
diagnoses,I25.200x019
diagnoses,I25.200x020
diagnoses,I25.200x021
diagnoses,I25.200x022
diagnoses,I25.200x023
diagnoses,I25.200x024
diagnoses,I25.200x025
diagnoses,I25.200x026
diagnoses,I25.200x027
diagnoses,I25.200x028
diagnoses,I25.200x029
diagnoses,I25.200x030
diagnoses,I25.200x031
diagnoses,I25.201
diagnoses,I25.202
diagnoses,I25.203
diagnoses,I25.204
diagnoses,I25.205
diagnoses,I25.206
diagnoses,I25.207
diagnoses,I25.208
diagnoses,I50.900x007
diagnoses,I50.900x008
diagnoses,I50.900x009
diagnoses,I50.900x010
diagnoses,I50.900x014
diagnoses,I50.900x015
diagnoses,I50.900x016
diagnoses,I51.900x002
diagnoses,I51.900x003
diagnoses,O26.900x001
diagnoses,O26.900x101
diagnoses,O26.900x102
diagnoses,O26.900x103
diagnoses,O26.900x104
diagnoses,O26.900x105
diagnoses,O26.900x106
diagnoses,O26.900x107
diagnoses,O26.900x108
diagnoses,O26.900x402
diagnoses,O26.900x403
diagnoses,O26.900x404
diagnoses,O26.900x405
diagnoses,O26.900x406
diagnoses,O26.900x407
diagnoses,O26.900x408
diagnoses,O26.900x501
diagnoses,O26.900x502
diagnoses,O26.900x503
diagnoses,O26.900x504
diagnoses,O26.900x505
diagnoses,O26.900x506
diagnoses,O26.900x507
diagnoses,O26.900x508
diagnoses,O26.900x509
diagnoses,O26.900x510
diagnoses,O26.900x601
diagnoses,O26.900x602
diagnoses,O26.900x603
diagnoses,O26.900x604
diagnoses,O26.900x605
diagnoses,O26.900x606
diagnoses,O26.900x607
diagnoses,O26.900x608
diagnoses,O26.900x609
diagnoses,O26.900x610
diagnoses,O26.900x611
diagnoses,O26.900x701
diagnoses,O26.900x702
diagnoses,O26.900x703
diagnoses,O26.900x704
diagnoses,O26.900x705
diagnoses,O26.900x706
diagnoses,O26.900x707
diagnoses,O26.900x708
diagnoses,O26.900x709
diagnoses,O26.900x710
diagnoses,O26.900x711
diagnoses,O84.000
diagnoses,P00.001
diagnoses,P00.002
diagnoses,P00.100
diagnoses,P00.100x001
diagnoses,P00.101
diagnoses,P00.200x001
diagnoses,P00.201
diagnoses,P00.202
diagnoses,P00.203
diagnoses,P00.204
diagnoses,P00.205
diagnoses,P00.300
diagnoses,P00.301
diagnoses,P00.302
diagnoses,P00.401
diagnoses,P00.500
diagnoses,P00.600
diagnoses,P00.701
diagnoses,P00.801
diagnoses,P00.802
diagnoses,P00.803
diagnoses,P00.804
diagnoses,P00.805
diagnoses,P00.806
diagnoses,P00.808
diagnoses,P00.809
diagnoses,P00.810
diagnoses,P00.811
diagnoses,P00.812
diagnoses,P00.813
diagnoses,P00.900
diagnoses,P01.000
diagnoses,P01.100
diagnoses,P01.200
diagnoses,P01.300
diagnoses,P01.400
diagnoses,P01.501
diagnoses,P01.502
diagnoses,P01.600
diagnoses,P01.700
diagnoses,P01.800
diagnoses,P01.900
diagnoses,P02.000
diagnoses,P02.100
diagnoses,P02.200
diagnoses,P02.300x003
diagnoses,P02.301
diagnoses,P02.400
diagnoses,P02.501
diagnoses,P02.600
diagnoses,P02.602
diagnoses,P02.701
diagnoses,P02.800
diagnoses,P02.900
diagnoses,P03.001
diagnoses,P03.101
diagnoses,P03.201
diagnoses,P03.301
diagnoses,P03.401
diagnoses,P03.501
diagnoses,P03.601
diagnoses,P03.800
diagnoses,P03.900
diagnoses,P04.001
diagnoses,P04.101
diagnoses,P04.102
diagnoses,P04.200
diagnoses,P04.300
diagnoses,P04.400
diagnoses,P04.500
diagnoses,P04.600
diagnoses,P04.800
diagnoses,P04.800x001
diagnoses,P04.900
diagnoses,P07.000
diagnoses,P07.001
diagnoses,P07.002
diagnoses,P07.100
diagnoses,P07.101
diagnoses,P07.102
diagnoses,R65.000
diagnoses,R65.100
diagnoses,R65.101
diagnoses,R65.200
diagnoses,R65.301
diagnoses,R65.900
diagnoses,R99.x00x002
diagnoses,R99.x01
diagnoses,U82.000
diagnoses,U82.001
diagnoses,U82.002
diagnoses,U82.100
diagnoses,U82.100x001
diagnoses,U82.101
diagnoses,U82.102
diagnoses,U82.103
diagnoses,U82.200
diagnoses,U82.200x001
diagnoses,U82.200x002
diagnoses,U82.800
diagnoses,U82.800x001
diagnoses,U82.800x002
diagnoses,U82.800x003
diagnoses,U82.900
diagnoses,U83.000
diagnoses,U83.000x001
diagnoses,U83.100
diagnoses,U83.200
diagnoses,U83.700
diagnoses,U83.800
diagnoses,U83.900
diagnoses,U84.000
diagnoses,U84.100
diagnoses,U84.200
diagnoses,U84.300
diagnoses,U84.700
diagnoses,U84.800
diagnoses,U84.900
diagnoses,U84.901
diagnoses,U85.x00
diagnoses,U85.x01
diagnoses,U85.x02
diagnoses,V01.x00
diagnoses,V02.x00
diagnoses,V03.x00
diagnoses,V04.x00
diagnoses,V05.x00
diagnoses,V06.x00
diagnoses,V09.000
diagnoses,V09.100
diagnoses,V09.200
diagnoses,V09.200x091
diagnoses,V09.200x092
diagnoses,V09.300
diagnoses,V09.900
diagnoses,V10.x00
diagnoses,V11.x00
diagnoses,V12.x00
diagnoses,V13.x00
diagnoses,V14.x00
diagnoses,V15.x00
diagnoses,V16.x00
diagnoses,V17.x00
diagnoses,V18.x00
diagnoses,V19.000
diagnoses,V19.100
diagnoses,V19.200
diagnoses,V19.300
diagnoses,V19.400
diagnoses,V19.500
diagnoses,V19.600
diagnoses,V19.800
diagnoses,V19.900
diagnoses,V19.900x091
diagnoses,V20.x00
diagnoses,V21.x00
diagnoses,V22.x00
diagnoses,V23.x00
diagnoses,V24.x00
diagnoses,V25.x00
diagnoses,V26.x00
diagnoses,V27.x00
diagnoses,V28.x00
diagnoses,V29.000
diagnoses,V29.100
diagnoses,V29.200
diagnoses,V29.300
diagnoses,V29.400
diagnoses,V29.500
diagnoses,V29.600
diagnoses,V29.800
diagnoses,V29.900
diagnoses,V29.900x091
diagnoses,V30.x00
diagnoses,V31.x00
diagnoses,V32.x00
diagnoses,V33.x00
diagnoses,V34.x00
diagnoses,V35.x00
diagnoses,V36.x00
diagnoses,V37.x00
diagnoses,V38.x00
diagnoses,V39.000
diagnoses,V39.100
diagnoses,V39.200
diagnoses,V39.300
diagnoses,V39.400
diagnoses,V39.500
diagnoses,V39.600
diagnoses,V39.800
diagnoses,V39.900
diagnoses,V39.900x091
diagnoses,V40.x00
diagnoses,V41.x00
diagnoses,V42.x00
diagnoses,V43.x00
diagnoses,V44.x00
diagnoses,V45.x00
diagnoses,V46.x00
diagnoses,V47.x00
diagnoses,V48.x00
diagnoses,V49.000
diagnoses,V49.100
diagnoses,V49.200
diagnoses,V49.300
diagnoses,V49.400
diagnoses,V49.500
diagnoses,V49.600
diagnoses,V49.800
diagnoses,V49.900
diagnoses,V49.900x091
diagnoses,V50.x00
diagnoses,V51.x00
diagnoses,V52.x00
diagnoses,V53.x00
diagnoses,V54.x00
diagnoses,V55.x00
diagnoses,V56.x00
diagnoses,V57.x00
diagnoses,V58.x00
diagnoses,V59.000
diagnoses,V59.100
diagnoses,V59.200
diagnoses,V59.300
diagnoses,V59.400
diagnoses,V59.500
diagnoses,V59.600
diagnoses,V59.800
diagnoses,V59.900
diagnoses,V59.900x091
diagnoses,V60.x00
diagnoses,V61.x00
diagnoses,V62.x00
diagnoses,V63.x00
diagnoses,V64.x00
diagnoses,V65.x00
diagnoses,V66.x00
diagnoses,V67.x00
diagnoses,V68.x00
diagnoses,V69.000
diagnoses,V69.100
diagnoses,V69.200
diagnoses,V69.300
diagnoses,V69.400
diagnoses,V69.500
diagnoses,V69.600
diagnoses,V69.800
diagnoses,V69.900
diagnoses,V70.x00
diagnoses,V71.x00
diagnoses,V72.x00
diagnoses,V73.x00
diagnoses,V74.x00
diagnoses,V75.x00
diagnoses,V76.x00
diagnoses,V77.x00
diagnoses,V78.x00
diagnoses,V79.000
diagnoses,V79.100
diagnoses,V79.200
diagnoses,V79.300
diagnoses,V79.400
diagnoses,V79.500
diagnoses,V79.600
diagnoses,V79.800
diagnoses,V79.900
diagnoses,V79.900x091
diagnoses,V80.000
diagnoses,V80.000x091
diagnoses,V80.100
diagnoses,V80.200
diagnoses,V80.300
diagnoses,V80.400
diagnoses,V80.500
diagnoses,V80.600
diagnoses,V80.700
diagnoses,V80.700x091
diagnoses,V80.700x092
diagnoses,V80.700x093
diagnoses,V80.800
diagnoses,V80.900
diagnoses,V80.900x091
diagnoses,V81.000
diagnoses,V81.100
diagnoses,V81.100x091
diagnoses,V81.200
diagnoses,V81.200x091
diagnoses,V81.300
diagnoses,V81.400
diagnoses,V81.500
diagnoses,V81.600
diagnoses,V81.700
diagnoses,V81.800
diagnoses,V81.800x091
diagnoses,V81.800x092
diagnoses,V81.800x093
diagnoses,V81.900
diagnoses,V82.000
diagnoses,V82.100
diagnoses,V82.200
diagnoses,V82.300
diagnoses,V82.400
diagnoses,V82.500
diagnoses,V82.600
diagnoses,V82.700
diagnoses,V82.800
diagnoses,V82.900
diagnoses,V82.900x091
diagnoses,V83.000
diagnoses,V83.100
diagnoses,V83.200
diagnoses,V83.300
diagnoses,V83.400
diagnoses,V83.500
diagnoses,V83.600
diagnoses,V83.700
diagnoses,V83.900
diagnoses,V83.900x091
diagnoses,V84.000
diagnoses,V84.100
diagnoses,V84.200
diagnoses,V84.200x091
diagnoses,V84.300
diagnoses,V84.400
diagnoses,V84.500
diagnoses,V84.600
diagnoses,V84.700
diagnoses,V84.900
diagnoses,V84.900x091
diagnoses,V85.000
diagnoses,V85.100
diagnoses,V85.200
diagnoses,V85.300
diagnoses,V85.400
diagnoses,V85.500
diagnoses,V85.600
diagnoses,V85.700
diagnoses,V85.900
diagnoses,V85.900x091
diagnoses,V86.000
diagnoses,V86.100
diagnoses,V86.200
diagnoses,V86.300
diagnoses,V86.400
diagnoses,V86.500
diagnoses,V86.600
diagnoses,V86.700
diagnoses,V86.700x091
diagnoses,V86.900
diagnoses,V87.000
diagnoses,V87.100
diagnoses,V87.200
diagnoses,V87.300
diagnoses,V87.400
diagnoses,V87.500
diagnoses,V87.600
diagnoses,V87.700
diagnoses,V87.800
diagnoses,V87.900
diagnoses,V88.000
diagnoses,V88.100
diagnoses,V88.200
diagnoses,V88.300
diagnoses,V88.400
diagnoses,V88.500
diagnoses,V88.600
diagnoses,V88.700
diagnoses,V88.800
diagnoses,V88.900
diagnoses,V89.000
diagnoses,V89.100
diagnoses,V89.200
diagnoses,V89.200x091
diagnoses,V89.200x092
diagnoses,V89.200x093
diagnoses,V89.300
diagnoses,V89.900
diagnoses,V90.x00
diagnoses,V91.x00
diagnoses,V92.x00
diagnoses,V93.x00
diagnoses,V94.x00
diagnoses,V95.000
diagnoses,V95.100
diagnoses,V95.200
diagnoses,V95.300
diagnoses,V95.400
diagnoses,V95.800
diagnoses,V95.900
diagnoses,V95.900x091
diagnoses,V96.000
diagnoses,V96.100
diagnoses,V96.200
diagnoses,V96.800
diagnoses,V96.900
diagnoses,V97.000
diagnoses,V97.100
diagnoses,V97.200
diagnoses,V97.300
diagnoses,V97.800
diagnoses,V98.x00
diagnoses,V99.x00
diagnoses,W00.x00
diagnoses,W01.x00
diagnoses,W02.x00
diagnoses,W03.x00
diagnoses,W04.x00
diagnoses,W05.x00
diagnoses,W06.x00
diagnoses,W07.x00
diagnoses,W08.x00
diagnoses,W09.x00
diagnoses,W10.x00
diagnoses,W11.x00
diagnoses,W12.x00
diagnoses,W13.x00
diagnoses,W14.x00
diagnoses,W15.x00
diagnoses,W16.x00
diagnoses,W17.x00
diagnoses,W18.x00
diagnoses,W19.x00
diagnoses,W20.x00
diagnoses,W21.x00
diagnoses,W22.x00
diagnoses,W23.x00
diagnoses,W24.x00
diagnoses,W25.x00
diagnoses,W26.000
diagnoses,W26.800
diagnoses,W26.900
diagnoses,W27.x00
diagnoses,W28.x00
diagnoses,W29.x00
diagnoses,W30.x00
diagnoses,W31.x00
diagnoses,W32.x00
diagnoses,W33.x00
diagnoses,W34.x00
diagnoses,W35.x00
diagnoses,W36.x00
diagnoses,W37.x00
diagnoses,W38.x00
diagnoses,W39.x00
diagnoses,W40.x00
diagnoses,W41.x00
diagnoses,W42.x00
diagnoses,W43.x00
diagnoses,W44.x00
diagnoses,W45.x00
diagnoses,W46.x00
diagnoses,W49.x00
diagnoses,W50.x00
diagnoses,W51.x00
diagnoses,W52.x00
diagnoses,W53.x00
diagnoses,W54.x00
diagnoses,W55.x00
diagnoses,W56.x00
diagnoses,W57.x00
diagnoses,W58.x00
diagnoses,W59.x00
diagnoses,W60.x00
diagnoses,W64.x00
diagnoses,W65.x00
diagnoses,W66.x00
diagnoses,W67.x00
diagnoses,W68.x00
diagnoses,W69.x00
diagnoses,W70.x00
diagnoses,W73.x00
diagnoses,W74.x00
diagnoses,W75.x00
diagnoses,W76.x00
diagnoses,W77.x00
diagnoses,W78.x00
diagnoses,W79.x00
diagnoses,W80.x00
diagnoses,W81.x00
diagnoses,W83.x00
diagnoses,W84.x00
diagnoses,W85.x00
diagnoses,W86.x00
diagnoses,W87.x00
diagnoses,W88.x00
diagnoses,W89.x00
diagnoses,W90.x00
diagnoses,W91.x00
diagnoses,W92.x00
diagnoses,W93.x00
diagnoses,W94.x00
diagnoses,W99.x00
diagnoses,X00.x00
diagnoses,X01.x00
diagnoses,X02.x00
diagnoses,X03.x00
diagnoses,X04.x00
diagnoses,X05.x00
diagnoses,X06.x00
diagnoses,X08.x00
diagnoses,X09.x00
diagnoses,X10.x00
diagnoses,X11.x00
diagnoses,X12.x00
diagnoses,X13.x00
diagnoses,X14.x00
diagnoses,X15.x00
diagnoses,X16.x00
diagnoses,X17.x00
diagnoses,X18.x00
diagnoses,X19.x00
diagnoses,X20.x00
diagnoses,X21.x00
diagnoses,X22.x00
diagnoses,X23.x00
diagnoses,X24.x00
diagnoses,X25.x00
diagnoses,X26.x00
diagnoses,X27.x00
diagnoses,X28.x00
diagnoses,X29.x00
diagnoses,X30.x00
diagnoses,X31.x00
diagnoses,X32.x00
diagnoses,X33.x00
diagnoses,X34.000
diagnoses,X34.100
diagnoses,X34.800
diagnoses,X34.900
diagnoses,X34.900x091
diagnoses,X35.x00
diagnoses,X36.x00
diagnoses,X37.x00
diagnoses,X38.x00
diagnoses,X39.x00
diagnoses,X40.x00
diagnoses,X41.x00
diagnoses,X42.x00
diagnoses,X43.x00
diagnoses,X44.x00
diagnoses,X45.x00
diagnoses,X46.x00
diagnoses,X47.000
diagnoses,X47.100
diagnoses,X47.200
diagnoses,X47.300
diagnoses,X47.400
diagnoses,X47.800
diagnoses,X47.900
diagnoses,X47.900x091
diagnoses,X47.900x092
diagnoses,X47.900x093
diagnoses,X47.900x094
diagnoses,X47.900x095
diagnoses,X47.900x096
diagnoses,X47.900x097
diagnoses,X47.900x098
diagnoses,X47.900x099
diagnoses,X47.900x910
diagnoses,X47.900x911
diagnoses,X47.900x912
diagnoses,X47.900x913
diagnoses,X47.900x915
diagnoses,X47.900x916
diagnoses,X47.900x917
diagnoses,X47.900x918
diagnoses,X48.x00
diagnoses,X49.x00
diagnoses,X50.x00
diagnoses,X51.x00
diagnoses,X52.x00
diagnoses,X53.x00
diagnoses,X54.x00
diagnoses,X57.x00
diagnoses,X58.x00
diagnoses,X59.000
diagnoses,X59.900
diagnoses,X59.900x091
diagnoses,X59.900x092
diagnoses,X59.900x093
diagnoses,X59.900x094
diagnoses,X59.900x095
diagnoses,X59.900x096
diagnoses,X59.900x097
diagnoses,X60.x00
diagnoses,X61.x00
diagnoses,X62.x00
diagnoses,X63.x00
diagnoses,X64.x00
diagnoses,X65.x00
diagnoses,X66.x00
diagnoses,X67.000
diagnoses,X67.100
diagnoses,X67.200
diagnoses,X67.300
diagnoses,X67.400
diagnoses,X67.800
diagnoses,X67.900
diagnoses,X67.900x091
diagnoses,X67.900x092
diagnoses,X67.900x093
diagnoses,X67.900x094
diagnoses,X67.900x095
diagnoses,X67.900x096
diagnoses,X67.x00
diagnoses,X68.x00
diagnoses,X69.x00
diagnoses,X70.x00
diagnoses,X71.x00
diagnoses,X72.x00
diagnoses,X73.x00
diagnoses,X74.x00
diagnoses,X75.x00
diagnoses,X76.x00
diagnoses,X77.x00
diagnoses,X78.x00
diagnoses,X79.x00
diagnoses,X80.x00
diagnoses,X81.x00
diagnoses,X82.x00
diagnoses,X83.x00
diagnoses,X84.x00
diagnoses,X85.x00
diagnoses,X86.x00
diagnoses,X87.x00
diagnoses,X88.000
diagnoses,X88.100
diagnoses,X88.200
diagnoses,X88.300
diagnoses,X88.400
diagnoses,X88.800
diagnoses,X88.900
diagnoses,X88.x00
diagnoses,X89.x00
diagnoses,X90.x00
diagnoses,X91.x00
diagnoses,X92.x00
diagnoses,X93.x00
diagnoses,X94.x00
diagnoses,X95.x00
diagnoses,X96.x00
diagnoses,X97.x00
diagnoses,X98.x00
diagnoses,X99.x00
diagnoses,Y00.x00
diagnoses,Y01.x00
diagnoses,Y02.x00
diagnoses,Y03.x00
diagnoses,Y04.x00
diagnoses,Y05.x00
diagnoses,Y06.000
diagnoses,Y06.100
diagnoses,Y06.200
diagnoses,Y06.800
diagnoses,Y06.900
diagnoses,Y07.000
diagnoses,Y07.100
diagnoses,Y07.200
diagnoses,Y07.300
diagnoses,Y07.800
diagnoses,Y07.900
diagnoses,Y07.900x091
diagnoses,Y08.x00
diagnoses,Y09.x00
diagnoses,Y10.x00
diagnoses,Y11.x00
diagnoses,Y12.x00
diagnoses,Y13.x00
diagnoses,Y14.x00
diagnoses,Y15.x00
diagnoses,Y16.x00
diagnoses,Y17.000
diagnoses,Y17.100
diagnoses,Y17.200
diagnoses,Y17.300
diagnoses,Y17.400
diagnoses,Y17.800
diagnoses,Y17.900
diagnoses,Y17.900x091
diagnoses,Y17.900x092
diagnoses,Y17.900x093
diagnoses,Y17.900x094
diagnoses,Y17.900x095
diagnoses,Y17.900x096
diagnoses,Y17.900x097
diagnoses,Y18.x00
diagnoses,Y19.x00
diagnoses,Y20.x00
diagnoses,Y21.x00
diagnoses,Y22.x00
diagnoses,Y23.x00
diagnoses,Y24.x00
diagnoses,Y25.x00
diagnoses,Y26.x00
diagnoses,Y27.x00
diagnoses,Y28.x00
diagnoses,Y29.x00
diagnoses,Y30.x00
diagnoses,Y31.x00
diagnoses,Y32.x00
diagnoses,Y33.x00
diagnoses,Y34.x00
diagnoses,Y35.000
diagnoses,Y35.000x001
diagnoses,Y35.000x002
diagnoses,Y35.000x003
diagnoses,Y35.000x004
diagnoses,Y35.000x005
diagnoses,Y35.000x009
diagnoses,Y35.100
diagnoses,Y35.200
diagnoses,Y35.300
diagnoses,Y35.400
diagnoses,Y35.500
diagnoses,Y35.600
diagnoses,Y35.700
diagnoses,Y36.000
diagnoses,Y36.100
diagnoses,Y36.200
diagnoses,Y36.200x001
diagnoses,Y36.200x002
diagnoses,Y36.300
diagnoses,Y36.300x001
diagnoses,Y36.300x002
diagnoses,Y36.400
diagnoses,Y36.400x001
diagnoses,Y36.400x002
diagnoses,Y36.400x003
diagnoses,Y36.400x004
diagnoses,Y36.400x005
diagnoses,Y36.500
diagnoses,Y36.600
diagnoses,Y36.700
diagnoses,Y36.700x001
diagnoses,Y36.700x002
diagnoses,Y36.800
diagnoses,Y36.900
diagnoses,Y36.900x001
diagnoses,Y40.000
diagnoses,Y40.100
diagnoses,Y40.100x001
diagnoses,Y40.200
diagnoses,Y40.300
diagnoses,Y40.300x001
diagnoses,Y40.300x002
diagnoses,Y40.300x004
diagnoses,Y40.400
diagnoses,Y40.400x002
diagnoses,Y40.500
diagnoses,Y40.500x001
diagnoses,Y40.500x002
diagnoses,Y40.500x003
diagnoses,Y40.600
diagnoses,Y40.700
diagnoses,Y40.700x001
diagnoses,Y40.800
diagnoses,Y40.800x002
diagnoses,Y40.800x003
diagnoses,Y40.800x004
diagnoses,Y40.900
diagnoses,Y41.000
diagnoses,Y41.000x002
diagnoses,Y41.100
diagnoses,Y41.100x001
diagnoses,Y41.100x002
diagnoses,Y41.200
diagnoses,Y41.200x001
diagnoses,Y41.300
diagnoses,Y41.400
diagnoses,Y41.400x001
diagnoses,Y41.500
diagnoses,Y41.800
diagnoses,Y41.800x001
diagnoses,Y41.800x002
diagnoses,Y41.800x003
diagnoses,Y41.800x004
diagnoses,Y41.800x005
diagnoses,Y41.900
diagnoses,Y42.000
diagnoses,Y42.000x001
diagnoses,Y42.000x002
diagnoses,Y42.100
diagnoses,Y42.100x001
diagnoses,Y42.200
diagnoses,Y42.300
diagnoses,Y42.300x001
diagnoses,Y42.300x002
diagnoses,Y42.400
diagnoses,Y42.400x001
diagnoses,Y42.500
diagnoses,Y42.600
diagnoses,Y42.700
diagnoses,Y42.800
diagnoses,Y42.900
diagnoses,Y42.900x001
diagnoses,Y43.000
diagnoses,Y43.000x001
diagnoses,Y43.000x002
diagnoses,Y43.100
diagnoses,Y43.200
diagnoses,Y43.300
diagnoses,Y43.300x002
diagnoses,Y43.300x003
diagnoses,Y43.300x004
diagnoses,Y43.400
diagnoses,Y43.400x001
diagnoses,Y43.400x002
diagnoses,Y43.500
diagnoses,Y43.600
diagnoses,Y43.800
diagnoses,Y43.900
diagnoses,Y44.000
diagnoses,Y44.100
diagnoses,Y44.100x001
diagnoses,Y44.200
diagnoses,Y44.300
diagnoses,Y44.300x001
diagnoses,Y44.400
diagnoses,Y44.500
diagnoses,Y44.600
diagnoses,Y44.700
diagnoses,Y44.700x001
diagnoses,Y44.900
diagnoses,Y45.000
diagnoses,Y45.000x001
diagnoses,Y45.100
diagnoses,Y45.100x001
diagnoses,Y45.200
diagnoses,Y45.300
diagnoses,Y45.300x001
diagnoses,Y45.300x002
diagnoses,Y45.400
diagnoses,Y45.400x001
diagnoses,Y45.500
diagnoses,Y45.500x001
diagnoses,Y45.800
diagnoses,Y45.800x001
diagnoses,Y45.800x003
diagnoses,Y45.800x004
diagnoses,Y45.800x005
diagnoses,Y45.900
diagnoses,Y45.900x001
diagnoses,Y46.000
diagnoses,Y46.100
diagnoses,Y46.200
diagnoses,Y46.200x001
diagnoses,Y46.300
diagnoses,Y46.400
diagnoses,Y46.400x001
diagnoses,Y46.500
diagnoses,Y46.600
diagnoses,Y46.600x001
diagnoses,Y46.700
diagnoses,Y46.800
diagnoses,Y47.000
diagnoses,Y47.000x002
diagnoses,Y47.100
diagnoses,Y47.100x001
diagnoses,Y47.200
diagnoses,Y47.200x001
diagnoses,Y47.300
diagnoses,Y47.400
diagnoses,Y47.500
diagnoses,Y47.800
diagnoses,Y47.800x002
diagnoses,Y47.800x003
diagnoses,Y47.900
diagnoses,Y48.000
diagnoses,Y48.000x001
diagnoses,Y48.100
diagnoses,Y48.100x001
diagnoses,Y48.200
diagnoses,Y48.300
diagnoses,Y48.300x001
diagnoses,Y48.300x002
diagnoses,Y48.300x003
diagnoses,Y48.300x004
diagnoses,Y48.400
diagnoses,Y48.500
diagnoses,Y49.000
diagnoses,Y49.100
diagnoses,Y49.200
diagnoses,Y49.300
diagnoses,Y49.300x001
diagnoses,Y49.300x002
diagnoses,Y49.400
diagnoses,Y49.500
diagnoses,Y49.500x001
diagnoses,Y49.600
diagnoses,Y49.700
diagnoses,Y49.800
diagnoses,Y49.900
diagnoses,Y50.000
diagnoses,Y50.100
diagnoses,Y50.200
diagnoses,Y50.800
diagnoses,Y50.900
diagnoses,Y51.000
diagnoses,Y51.100
diagnoses,Y51.200
diagnoses,Y51.300
diagnoses,Y51.300x001
diagnoses,Y51.300x003
diagnoses,Y51.400
diagnoses,Y51.500
diagnoses,Y51.500x001
diagnoses,Y51.600
diagnoses,Y51.700
diagnoses,Y51.700x001
diagnoses,Y51.800
diagnoses,Y51.900
diagnoses,Y51.900x001
diagnoses,Y51.900x002
diagnoses,Y52.000
diagnoses,Y52.000x001
diagnoses,Y52.000x002
diagnoses,Y52.100
diagnoses,Y52.100x001
diagnoses,Y52.200
diagnoses,Y52.200x001
diagnoses,Y52.200x002
diagnoses,Y52.200x003
diagnoses,Y52.300
diagnoses,Y52.300x001
diagnoses,Y52.300x002
diagnoses,Y52.300x003
diagnoses,Y52.400
diagnoses,Y52.400x001
diagnoses,Y52.500
diagnoses,Y52.500x001
diagnoses,Y52.500x002
diagnoses,Y52.600
diagnoses,Y52.700
diagnoses,Y52.800
diagnoses,Y52.900
diagnoses,Y53.000
diagnoses,Y53.000x001
diagnoses,Y53.000x002
diagnoses,Y53.100
diagnoses,Y53.200
diagnoses,Y53.300
diagnoses,Y53.400
diagnoses,Y53.500
diagnoses,Y53.600
diagnoses,Y53.700
diagnoses,Y53.800
diagnoses,Y53.900
diagnoses,Y54.000
diagnoses,Y54.100
diagnoses,Y54.200
diagnoses,Y54.300
diagnoses,Y54.300x001
diagnoses,Y54.400
diagnoses,Y54.500
diagnoses,Y54.500x001
diagnoses,Y54.500x002
diagnoses,Y54.500x003
diagnoses,Y54.600
diagnoses,Y54.700
diagnoses,Y54.800
diagnoses,Y54.800x001
diagnoses,Y54.800x002
diagnoses,Y54.900
diagnoses,Y54.900x001
diagnoses,Y55.000
diagnoses,Y55.000x002
diagnoses,Y55.100
diagnoses,Y55.200
diagnoses,Y55.200x001
diagnoses,Y55.300
diagnoses,Y55.400
diagnoses,Y55.500
diagnoses,Y55.500x001
diagnoses,Y55.600
diagnoses,Y55.600x002
diagnoses,Y55.600x003
diagnoses,Y55.600x004
diagnoses,Y55.600x005
diagnoses,Y55.700
diagnoses,Y56.000
diagnoses,Y56.000x001
diagnoses,Y56.000x002
diagnoses,Y56.000x003
diagnoses,Y56.100
diagnoses,Y56.200
diagnoses,Y56.300
diagnoses,Y56.400
diagnoses,Y56.400x001
diagnoses,Y56.500
diagnoses,Y56.500x001
diagnoses,Y56.600
diagnoses,Y56.600x001
diagnoses,Y56.700
diagnoses,Y56.700x001
diagnoses,Y56.800
diagnoses,Y56.800x001
diagnoses,Y56.800x002
diagnoses,Y56.800x003
diagnoses,Y56.800x004
diagnoses,Y56.900
diagnoses,Y57.000
diagnoses,Y57.100
diagnoses,Y57.200
diagnoses,Y57.200x001
diagnoses,Y57.300
diagnoses,Y57.400
diagnoses,Y57.500
diagnoses,Y57.500x001
diagnoses,Y57.500x002
diagnoses,Y57.500x003
diagnoses,Y57.500x004
diagnoses,Y57.600
diagnoses,Y57.700
diagnoses,Y57.700x001
diagnoses,Y57.800
diagnoses,Y57.800x001
diagnoses,Y57.800x002
diagnoses,Y57.800x003
diagnoses,Y57.800x004
diagnoses,Y57.900
diagnoses,Y57.900x001
diagnoses,Y58.000
diagnoses,Y58.100
diagnoses,Y58.200
diagnoses,Y58.300
diagnoses,Y58.400
diagnoses,Y58.500
diagnoses,Y58.600
diagnoses,Y58.800
diagnoses,Y58.900
diagnoses,Y59.000
diagnoses,Y59.000x001
diagnoses,Y59.000x003
diagnoses,Y59.000x004
diagnoses,Y59.100
diagnoses,Y59.101
diagnoses,Y59.200
diagnoses,Y59.300
diagnoses,Y59.300x001
diagnoses,Y59.300x002
diagnoses,Y59.300x003
diagnoses,Y59.800
diagnoses,Y59.800x001
diagnoses,Y59.900
diagnoses,Y60.000x001
diagnoses,Y60.000x002
diagnoses,Y60.000x003
diagnoses,Y60.000x004
diagnoses,Y60.000x005
diagnoses,Y60.100
diagnoses,Y60.100x001
diagnoses,Y60.200
diagnoses,Y60.200x001
diagnoses,Y60.300
diagnoses,Y60.300x001
diagnoses,Y60.400
diagnoses,Y60.400x001
diagnoses,Y60.500
diagnoses,Y60.500x001
diagnoses,Y60.600
diagnoses,Y60.600x001
diagnoses,Y60.700
diagnoses,Y60.700x001
diagnoses,Y60.800
diagnoses,Y60.900
diagnoses,Y60.900x001
diagnoses,Y61.000
diagnoses,Y61.100
diagnoses,Y61.200
diagnoses,Y61.300
diagnoses,Y61.400
diagnoses,Y61.500
diagnoses,Y61.600
diagnoses,Y61.700
diagnoses,Y61.800
diagnoses,Y61.900
diagnoses,Y62.000
diagnoses,Y62.100
diagnoses,Y62.200
diagnoses,Y62.300
diagnoses,Y62.400
diagnoses,Y62.500
diagnoses,Y62.600
diagnoses,Y62.800
diagnoses,Y62.900
diagnoses,Y63.000
diagnoses,Y63.000x001
diagnoses,Y63.100
diagnoses,Y63.200
diagnoses,Y63.300
diagnoses,Y63.400
diagnoses,Y63.500
diagnoses,Y63.600
diagnoses,Y63.600x001
diagnoses,Y63.800
diagnoses,Y63.900
diagnoses,Y64.000
diagnoses,Y64.000x001
diagnoses,Y64.100
diagnoses,Y64.100x001
diagnoses,Y64.800
diagnoses,Y64.900
diagnoses,Y65.000
diagnoses,Y65.100
diagnoses,Y65.200
diagnoses,Y65.300
diagnoses,Y65.400
diagnoses,Y65.500
diagnoses,Y65.800
diagnoses,Y66.x00
diagnoses,Y66.x00x001
diagnoses,Y69.x00
diagnoses,Y69.x00x001
diagnoses,Y69.x00x002
diagnoses,Y70.000
diagnoses,Y70.100
diagnoses,Y70.200
diagnoses,Y70.300
diagnoses,Y70.800
diagnoses,Y71.000
diagnoses,Y71.100
diagnoses,Y71.200
diagnoses,Y71.300
diagnoses,Y71.800
diagnoses,Y72.000
diagnoses,Y72.100
diagnoses,Y72.200
diagnoses,Y72.300
diagnoses,Y72.800
diagnoses,Y73.000
diagnoses,Y73.100
diagnoses,Y73.200
diagnoses,Y73.300
diagnoses,Y73.800
diagnoses,Y74.000
diagnoses,Y74.100
diagnoses,Y74.200
diagnoses,Y74.300
diagnoses,Y74.800
diagnoses,Y75.000
diagnoses,Y75.100
diagnoses,Y75.200
diagnoses,Y75.300
diagnoses,Y75.800
diagnoses,Y76.000
diagnoses,Y76.100
diagnoses,Y76.200
diagnoses,Y76.200x001
diagnoses,Y76.200x002
diagnoses,Y76.200x003
diagnoses,Y76.300
diagnoses,Y76.800
diagnoses,Y77.000
diagnoses,Y77.100
diagnoses,Y77.200
diagnoses,Y77.300
diagnoses,Y77.800
diagnoses,Y78.000
diagnoses,Y78.100
diagnoses,Y78.200
diagnoses,Y78.300
diagnoses,Y78.800
diagnoses,Y79.000
diagnoses,Y79.100
diagnoses,Y79.200
diagnoses,Y79.300
diagnoses,Y79.800
diagnoses,Y80.000
diagnoses,Y80.100
diagnoses,Y80.200
diagnoses,Y80.300
diagnoses,Y80.800
diagnoses,Y81.000
diagnoses,Y81.100
diagnoses,Y81.200
diagnoses,Y81.300
diagnoses,Y81.800
diagnoses,Y82.000
diagnoses,Y82.100
diagnoses,Y82.200
diagnoses,Y82.300
diagnoses,Y82.800
diagnoses,Y83.000
diagnoses,Y83.000x001
diagnoses,Y83.100
diagnoses,Y83.100x001
diagnoses,Y83.200
diagnoses,Y83.200x001
diagnoses,Y83.300
diagnoses,Y83.300x001
diagnoses,Y83.400
diagnoses,Y83.400x001
diagnoses,Y83.500
diagnoses,Y83.500x001
diagnoses,Y83.600
diagnoses,Y83.800
diagnoses,Y83.900
diagnoses,Y83.900x001
diagnoses,Y83.900x002
diagnoses,Y83.900x003
diagnoses,Y84.000
diagnoses,Y84.000x001
diagnoses,Y84.100
diagnoses,Y84.100x001
diagnoses,Y84.200
diagnoses,Y84.200x001
diagnoses,Y84.300
diagnoses,Y84.300x001
diagnoses,Y84.400
diagnoses,Y84.400x001
diagnoses,Y84.500
diagnoses,Y84.500x001
diagnoses,Y84.600
diagnoses,Y84.600x001
diagnoses,Y84.700
diagnoses,Y84.700x001
diagnoses,Y84.800
diagnoses,Y84.800x001
diagnoses,Y84.900
diagnoses,Y84.900x001
diagnoses,Y85.000
diagnoses,Y85.900
diagnoses,Y86.x00
diagnoses,Y86.x00x001
diagnoses,Y86.x00x002
diagnoses,Y86.x00x003
diagnoses,Y86.x00x004
diagnoses,Y87.000
diagnoses,Y87.100
diagnoses,Y87.200
diagnoses,Y88.000
diagnoses,Y88.100
diagnoses,Y88.200
diagnoses,Y88.300
diagnoses,Y88.300x001
diagnoses,Y89.000
diagnoses,Y89.100
diagnoses,Y89.900
diagnoses,Y90.000
diagnoses,Y90.100
diagnoses,Y90.200
diagnoses,Y90.300
diagnoses,Y90.400
diagnoses,Y90.500
diagnoses,Y90.600
diagnoses,Y90.700
diagnoses,Y90.800
diagnoses,Y90.900
diagnoses,Y91.000
diagnoses,Y91.100
diagnoses,Y91.200
diagnoses,Y91.300
diagnoses,Y91.900
diagnoses,Y95.x00
diagnoses,Y96.x00
diagnoses,Y97.x00
diagnoses,Y98.x00
diagnoses,Z33.x00x001
diagnoses,Z33.x01
diagnoses,Z33.x02
diagnoses,Z33.x03
diagnoses,Z53.000x001
diagnoses,Z53.100x001
diagnoses,Z53.200x001
diagnoses,Z53.800x001
diagnoses,Z53.800x002
diagnoses,Z53.800x003
diagnoses,Z53.900x001
diagnoses,Z53.900x002
diagnoses,Z80.000
diagnoses,Z80.001
diagnoses,Z80.002
diagnoses,Z80.100
diagnoses,Z80.200
diagnoses,Z80.300
diagnoses,Z80.400
diagnoses,Z80.401
diagnoses,Z80.500
diagnoses,Z80.600
diagnoses,Z80.700
diagnoses,Z80.801
diagnoses,Z80.900
diagnoses,Z81.000x001
diagnoses,Z81.100
diagnoses,Z81.200
diagnoses,Z81.300
diagnoses,Z81.400
diagnoses,Z81.800
diagnoses,Z82.000
diagnoses,Z82.000x001
diagnoses,Z82.100
diagnoses,Z82.200
diagnoses,Z82.300x001
diagnoses,Z82.400
diagnoses,Z82.500
diagnoses,Z82.600
diagnoses,Z82.700
diagnoses,Z82.701
diagnoses,Z82.800
diagnoses,Z83.000
diagnoses,Z83.100
diagnoses,Z83.200
diagnoses,Z83.201
diagnoses,Z83.300
diagnoses,Z83.400
diagnoses,Z83.500
diagnoses,Z83.600
diagnoses,Z83.700
diagnoses,Z84.000
diagnoses,Z84.100
diagnoses,Z84.200
diagnoses,Z84.201
diagnoses,Z84.300
diagnoses,Z84.800
diagnoses,Z85.000x001
diagnoses,Z85.000x008
diagnoses,Z85.001
diagnoses,Z85.002
diagnoses,Z85.003
diagnoses,Z85.004
diagnoses,Z85.005
diagnoses,Z85.006
diagnoses,Z85.007
diagnoses,Z85.008
diagnoses,Z85.009
diagnoses,Z85.100
diagnoses,Z85.101
diagnoses,Z85.201
diagnoses,Z85.203
diagnoses,Z85.204
diagnoses,Z85.205
diagnoses,Z85.300x001
diagnoses,Z85.400x003
diagnoses,Z85.400x008
diagnoses,Z85.401
diagnoses,Z85.402
diagnoses,Z85.403
diagnoses,Z85.404
diagnoses,Z85.406
diagnoses,Z85.407
diagnoses,Z85.408
diagnoses,Z85.409
diagnoses,Z85.500
diagnoses,Z85.500x002
diagnoses,Z85.501
diagnoses,Z85.502
diagnoses,Z85.503
diagnoses,Z85.600x001
diagnoses,Z85.700x001
diagnoses,Z85.701
diagnoses,Z85.800x002
diagnoses,Z85.800x003
diagnoses,Z85.800x005
diagnoses,Z85.800x006
diagnoses,Z85.800x011
diagnoses,Z85.801
diagnoses,Z85.802
diagnoses,Z85.803
diagnoses,Z85.804
diagnoses,Z85.805
diagnoses,Z85.806
diagnoses,Z85.807
diagnoses,Z85.808
diagnoses,Z85.809
diagnoses,Z85.810
diagnoses,Z85.900
diagnoses,Z86.001
diagnoses,Z86.002
diagnoses,Z86.003
diagnoses,Z86.100
diagnoses,Z86.100x021
diagnoses,Z86.100x031
diagnoses,Z86.100x801
diagnoses,Z86.101
diagnoses,Z86.102
diagnoses,Z86.103
diagnoses,Z86.104
diagnoses,Z86.200x001
diagnoses,Z86.200x002
diagnoses,Z86.300
diagnoses,Z86.300x001
diagnoses,Z86.301
diagnoses,Z86.400
diagnoses,Z86.501
diagnoses,Z86.600
diagnoses,Z86.600x001
diagnoses,Z86.600x002
diagnoses,Z86.600x003
diagnoses,Z86.600x004
diagnoses,Z86.600x005
diagnoses,Z86.700
diagnoses,Z86.701
diagnoses,Z86.702
diagnoses,Z86.703
diagnoses,Z87.000
diagnoses,Z87.100
diagnoses,Z87.100x011
diagnoses,Z87.100x021
diagnoses,Z87.200
diagnoses,Z87.300
diagnoses,Z87.400
diagnoses,Z87.500x001
diagnoses,Z87.500x003
diagnoses,Z87.500x004
diagnoses,Z87.500x005
diagnoses,Z87.600x001
diagnoses,Z87.701
diagnoses,Z87.800
diagnoses,Z88.000x001
diagnoses,Z88.101
diagnoses,Z88.102
diagnoses,Z88.200x001
diagnoses,Z88.300x001
diagnoses,Z88.301
diagnoses,Z88.302
diagnoses,Z88.400x001
diagnoses,Z88.500x001
diagnoses,Z88.600x001
diagnoses,Z88.700x001
diagnoses,Z88.801
diagnoses,Z88.802
diagnoses,Z88.803
diagnoses,Z88.804
diagnoses,Z88.805
diagnoses,Z88.806
diagnoses,Z88.807
diagnoses,Z88.808
diagnoses,Z88.811
diagnoses,Z88.812
diagnoses,Z88.813
diagnoses,Z88.814
diagnoses,Z88.815
diagnoses,Z88.817
diagnoses,Z88.818
diagnoses,Z88.819
diagnoses,Z88.820
diagnoses,Z88.821
diagnoses,Z88.822
diagnoses,Z88.823
diagnoses,Z88.824
diagnoses,Z88.825
diagnoses,Z88.900x001
diagnoses,Z89.000x001
diagnoses,Z89.000x002
diagnoses,Z89.000x003
diagnoses,Z89.100x001
diagnoses,Z89.200
diagnoses,Z89.200x002
diagnoses,Z89.300
diagnoses,Z89.300x002
diagnoses,Z89.400x001
diagnoses,Z89.401
diagnoses,Z89.500x002
diagnoses,Z89.600x001
diagnoses,Z89.600x002
diagnoses,Z89.700x001
diagnoses,Z89.800
diagnoses,Z89.800x001
diagnoses,Z89.900x001
diagnoses,Z90.000x001
diagnoses,Z90.000x002
diagnoses,Z90.000x003
diagnoses,Z90.000x004
diagnoses,Z90.000x005
diagnoses,Z90.000x006
diagnoses,Z90.000x007
diagnoses,Z90.000x008
diagnoses,Z90.000x009
diagnoses,Z90.000x010
diagnoses,Z90.000x011
diagnoses,Z90.000x012
diagnoses,Z90.000x013
diagnoses,Z90.000x014
diagnoses,Z90.000x015
diagnoses,Z90.000x016
diagnoses,Z90.000x017
diagnoses,Z90.000x018
diagnoses,Z90.000x019
diagnoses,Z90.000x021
diagnoses,Z90.000x022
diagnoses,Z90.000x023
diagnoses,Z90.001
diagnoses,Z90.002
diagnoses,Z90.100x001
diagnoses,Z90.200x001
diagnoses,Z90.300x001
diagnoses,Z90.400x001
diagnoses,Z90.400x002
diagnoses,Z90.400x003
diagnoses,Z90.401
diagnoses,Z90.402
diagnoses,Z90.403
diagnoses,Z90.404
diagnoses,Z90.405
diagnoses,Z90.406
diagnoses,Z90.407
diagnoses,Z90.500x001
diagnoses,Z90.600
diagnoses,Z90.600x002
diagnoses,Z90.600x003
diagnoses,Z90.700x002
diagnoses,Z90.700x003
diagnoses,Z90.700x005
diagnoses,Z90.700x006
diagnoses,Z90.701
diagnoses,Z90.702
diagnoses,Z90.703
diagnoses,Z90.704
diagnoses,Z90.705
diagnoses,Z90.706
diagnoses,Z90.707
diagnoses,Z90.708
diagnoses,Z90.709
diagnoses,Z90.800x002
diagnoses,Z91.000
diagnoses,Z91.100
diagnoses,Z91.200
diagnoses,Z91.300
diagnoses,Z91.400x001
diagnoses,Z91.500x001
diagnoses,Z91.500x003
diagnoses,Z91.501
diagnoses,Z91.601
diagnoses,Z91.700
diagnoses,Z91.800x001
diagnoses,Z91.800x002
diagnoses,Z92.000x001
diagnoses,Z92.001
diagnoses,Z92.100
diagnoses,Z92.200
diagnoses,Z92.200x021
diagnoses,Z92.201
diagnoses,Z92.300x001
diagnoses,Z92.401
diagnoses,Z92.402
diagnoses,Z92.500
diagnoses,Z92.600
diagnoses,Z92.800x001
diagnoses,Z92.800x002
diagnoses,Z92.900
diagnoses,Z93.000
diagnoses,Z93.100
diagnoses,Z93.200
diagnoses,Z93.201
diagnoses,Z93.300
diagnoses,Z93.400
diagnoses,Z93.500
diagnoses,Z93.601
diagnoses,Z93.602
diagnoses,Z93.603
diagnoses,Z93.800
diagnoses,Z93.900
diagnoses,Z94.001
diagnoses,Z94.002
diagnoses,Z94.100
diagnoses,Z94.200
diagnoses,Z94.300x001
diagnoses,Z94.400
diagnoses,Z94.500
diagnoses,Z94.500x001
diagnoses,Z94.500x003
diagnoses,Z94.500x004
diagnoses,Z94.500x005
diagnoses,Z94.500x006
diagnoses,Z94.500x007
diagnoses,Z94.600
diagnoses,Z94.700
diagnoses,Z94.800x004
diagnoses,Z94.800x006
diagnoses,Z94.800x007
diagnoses,Z94.800x010
diagnoses,Z94.800x011
diagnoses,Z94.800x012
diagnoses,Z94.801
diagnoses,Z94.802
diagnoses,Z94.803
diagnoses,Z94.804
diagnoses,Z94.900
diagnoses,Z95.001
diagnoses,Z95.002
diagnoses,Z95.003
diagnoses,Z95.004
diagnoses,Z95.101
diagnoses,Z95.200x002
diagnoses,Z95.200x003
diagnoses,Z95.200x004
diagnoses,Z95.300x002
diagnoses,Z95.300x003
diagnoses,Z95.300x004
diagnoses,Z95.400
diagnoses,Z95.500x002
diagnoses,Z95.501
diagnoses,Z95.800x001
diagnoses,Z95.800x003
diagnoses,Z95.800x004
diagnoses,Z95.800x005
diagnoses,Z95.800x006
diagnoses,Z95.800x007
diagnoses,Z95.801
diagnoses,Z95.900
diagnoses,Z96.001
diagnoses,Z96.101
diagnoses,Z96.102
diagnoses,Z96.200x001
diagnoses,Z96.200x005
diagnoses,Z96.201
diagnoses,Z96.300
diagnoses,Z96.401
diagnoses,Z96.500
diagnoses,Z96.600x001
diagnoses,Z96.600x011
diagnoses,Z96.600x031
diagnoses,Z96.600x061
diagnoses,Z96.601
diagnoses,Z96.602
diagnoses,Z96.603
diagnoses,Z96.700
diagnoses,Z96.701
diagnoses,Z96.800
diagnoses,Z96.900
diagnoses,Z97.000x001
diagnoses,Z97.000x002
diagnoses,Z97.100x001
diagnoses,Z97.200x001
diagnoses,Z97.300x002
diagnoses,Z97.301
diagnoses,Z97.400
diagnoses,Z97.500x001
diagnoses,Z97.800
diagnoses,Z98.000x001
diagnoses,Z98.000x002
diagnoses,Z98.100
diagnoses,Z98.200x001
diagnoses,Z98.800x001
diagnoses,Z98.800x002
diagnoses,Z98.800x003
diagnoses,Z98.800x004
diagnoses,Z98.800x005
diagnoses,Z98.800x006
diagnoses,Z98.800x007
diagnoses,Z98.800x101
diagnoses,Z98.800x102
diagnoses,Z98.800x103
diagnoses,Z98.800x104
diagnoses,Z98.800x105
diagnoses,Z98.800x107
diagnoses,Z98.800x108
diagnoses,Z98.800x109
diagnoses,Z98.800x110
diagnoses,Z98.800x111
diagnoses,Z98.800x112
diagnoses,Z98.800x114
diagnoses,Z98.800x115
diagnoses,Z98.800x116
diagnoses,Z98.800x117
diagnoses,Z98.800x118
diagnoses,Z98.800x119
diagnoses,Z98.800x120
diagnoses,Z98.800x121
diagnoses,Z98.800x122
diagnoses,Z98.800x123
diagnoses,Z98.800x124
diagnoses,Z98.800x201
diagnoses,Z98.800x202
diagnoses,Z98.800x203
diagnoses,Z98.800x205
diagnoses,Z98.800x208
diagnoses,Z98.800x209
diagnoses,Z98.800x210
diagnoses,Z98.800x301
diagnoses,Z98.800x302
diagnoses,Z98.800x303
diagnoses,Z98.800x305
diagnoses,Z98.800x306
diagnoses,Z98.800x307
diagnoses,Z98.800x308
diagnoses,Z98.800x309
diagnoses,Z98.800x310
diagnoses,Z98.800x311
diagnoses,Z98.800x312
diagnoses,Z98.800x313
diagnoses,Z98.800x315
diagnoses,Z98.800x316
diagnoses,Z98.800x317
diagnoses,Z98.800x318
diagnoses,Z98.800x319
diagnoses,Z98.800x401
diagnoses,Z98.800x402
diagnoses,Z98.800x403
diagnoses,Z98.800x404
diagnoses,Z98.800x405
diagnoses,Z98.800x406
diagnoses,Z98.800x407
diagnoses,Z98.800x408
diagnoses,Z98.800x409
diagnoses,Z98.800x410
diagnoses,Z98.800x411
diagnoses,Z98.800x412
diagnoses,Z98.800x413
diagnoses,Z98.800x414
diagnoses,Z98.800x416
diagnoses,Z98.800x417
diagnoses,Z98.800x418
diagnoses,Z98.800x420
diagnoses,Z98.800x421
diagnoses,Z98.800x422
diagnoses,Z98.800x423
diagnoses,Z98.800x501
diagnoses,Z98.800x502
diagnoses,Z98.800x503
diagnoses,Z98.800x507
diagnoses,Z98.800x602
diagnoses,Z98.800x605
diagnoses,Z98.800x606
diagnoses,Z98.800x609
diagnoses,Z98.800x610
diagnoses,Z98.800x611
diagnoses,Z98.800x612
diagnoses,Z98.800x614
diagnoses,Z98.800x615
diagnoses,Z98.800x616
diagnoses,Z98.800x701
diagnoses,Z98.800x704
diagnoses,Z98.800x901
diagnoses,Z98.800x902
diagnoses,Z98.800x903
diagnoses,Z98.800x904
diagnoses,Z98.800x905
diagnoses,Z98.800x906
diagnoses,Z98.800x907
diagnoses,Z98.800x908
diagnoses,Z98.801
diagnoses,Z99.000
diagnoses,Z99.100x001
diagnoses,Z99.200x002
diagnoses,Z99.201
diagnoses,Z99.300
diagnoses,Z99.400
diagnoses,Z99.800
diagnoses,Z99.900
procedures,00.0900x001
procedures,00.1000
procedures,00.1101
procedures,00.1201
procedures,00.1301
procedures,00.1400x001
procedures,00.1400x002
procedures,00.1500x001
procedures,00.1500x002
procedures,00.1601
procedures,00.1602
procedures,00.1700
procedures,00.1900
procedures,00.2800
procedures,00.2900x001
procedures,00.3101
procedures,00.3200x001
procedures,00.3201
procedures,00.3300
procedures,00.3400x002
procedures,00.3500x001
procedures,00.3900x001
procedures,00.4000
procedures,00.4100
procedures,00.4200
procedures,00.4301
procedures,00.4302
procedures,00.4400x001
procedures,00.4500
procedures,00.4600
procedures,00.4700
procedures,00.4801
procedures,00.4802
procedures,00.4900
procedures,00.5800
procedures,00.6800x001
procedures,00.6900x001
procedures,00.6900x002
procedures,00.6900x003
procedures,00.6900x004
procedures,00.6900x005
procedures,00.6901
procedures,00.7400
procedures,00.7500
procedures,00.7600
procedures,00.7601
procedures,00.7700
procedures,00.7800
procedures,00.9100
procedures,00.9200
procedures,00.9300
procedures,00.9400
procedures,01.1100x001
procedures,01.1300x001
procedures,01.1900
procedures,03.3101
procedures,03.3900
procedures,03.9100x004
procedures,03.9101
procedures,03.9200x001
procedures,03.9201
procedures,04.1101
procedures,04.1102
procedures,04.1103
procedures,04.1900
procedures,04.8000
procedures,04.8900
procedures,05.1900
procedures,05.9x00
procedures,06.0100x001
procedures,06.1101
procedures,06.1302
procedures,06.1303
procedures,06.1900
procedures,07.1100
procedures,07.1600
procedures,07.1900
procedures,08.1100
procedures,08.1900
procedures,08.2000x010
procedures,09.1100
procedures,09.1200
procedures,09.1900
procedures,10.2100
procedures,10.2901
procedures,10.9100
procedures,11.2100x001
procedures,11.2200
procedures,11.2900x003
procedures,11.2901
procedures,12.2100
procedures,12.2200
procedures,12.2900
procedures,14.1100
procedures,14.1901
procedures,14.1902
procedures,15.0100x001
procedures,15.0900
procedures,16.2100x001
procedures,16.2200
procedures,16.2301
procedures,16.2302
procedures,16.2900
procedures,16.9100
procedures,16.9100x001
procedures,16.9100x003
procedures,16.9300x001
procedures,16.9800x002
procedures,17.4100
procedures,17.4200
procedures,17.4300
procedures,17.4400
procedures,17.4500
procedures,17.4901
procedures,17.6200x001
procedures,17.6300x001
procedures,17.6900x001
procedures,17.7000
procedures,17.7100
procedures,17.8100
procedures,17.91100
procedures,17.91110
procedures,17.91120
procedures,17.91130
procedures,17.91140
procedures,17.91150
procedures,17.91160
procedures,17.91170
procedures,17.91180
procedures,17.91190
procedures,17.91210
procedures,17.91220
procedures,17.91230
procedures,17.91240
procedures,17.91250
procedures,17.91260
procedures,17.91270
procedures,17.91280
procedures,17.91290
procedures,17.912A0
procedures,17.912B0
procedures,17.912C0
procedures,17.91310
procedures,17.91320
procedures,17.91330
procedures,17.91340
procedures,17.91350
procedures,17.91360
procedures,17.91370
procedures,17.92010
procedures,17.92110
procedures,17.92120
procedures,17.92130
procedures,17.92210
procedures,17.92220
procedures,17.92230
procedures,17.92240
procedures,17.92250
procedures,17.92260
procedures,17.92270
procedures,17.92280
procedures,17.92290
procedures,17.922A0
procedures,17.922B0
procedures,17.922C0
procedures,17.922D0
procedures,17.922E0
procedures,17.922F0
procedures,17.922G0
procedures,17.922H0
procedures,17.922J0
procedures,17.92300
procedures,17.92400
procedures,17.92500
procedures,17.92610
procedures,17.92620
procedures,17.92630
procedures,17.92640
procedures,17.92650
procedures,17.92660
procedures,17.92670
procedures,17.92680
procedures,17.92690
procedures,17.92710
procedures,17.92720
procedures,17.92730
procedures,17.92740
procedures,17.92750
procedures,17.92760
procedures,17.92770
procedures,17.92780
procedures,17.92790
procedures,17.927A0
procedures,17.927B0
procedures,17.927C0
procedures,17.927D0
procedures,17.927E0
procedures,17.92800
procedures,17.92900
procedures,17.93100
procedures,17.93200
procedures,17.93300
procedures,17.93400
procedures,17.94100
procedures,17.94200
procedures,17.94300
procedures,17.94400
procedures,17.95110
procedures,17.95120
procedures,17.95130
procedures,17.95140
procedures,17.95150
procedures,17.95210
procedures,17.95220
procedures,17.95230
procedures,17.95240
procedures,17.95300
procedures,17.95410
procedures,17.95420
procedures,17.95430
procedures,17.95510
procedures,17.95520
procedures,17.95530
procedures,17.95610
procedures,17.95710
procedures,17.95720
procedures,17.96100
procedures,17.96110
procedures,17.96120
procedures,17.96130
procedures,17.96200
procedures,17.96210
procedures,17.96300
procedures,17.96400
procedures,17.96500
procedures,17.96510
procedures,17.96520
procedures,17.96530
procedures,17.96600
procedures,17.96700
procedures,17.96800
procedures,17.97100
procedures,17.97110
procedures,17.97120
procedures,17.97130
procedures,17.97140
procedures,17.97150
procedures,17.97160
procedures,17.97170
procedures,17.97180
procedures,17.97190
procedures,17.971A0
procedures,17.971B0
procedures,17.971C0
procedures,17.971D0
procedures,17.97200
procedures,17.97210
procedures,17.97220
procedures,17.97230
procedures,17.97240
procedures,17.97250
procedures,17.97260
procedures,17.97270
procedures,17.97280
procedures,17.97290
procedures,17.972A0
procedures,17.972B0
procedures,17.972C0
procedures,17.972D0
procedures,17.972E0
procedures,17.972F0
procedures,17.972G0
procedures,17.972H0
procedures,17.972J0
procedures,17.972K0
procedures,17.972L0
procedures,17.972M0
procedures,17.972N0
procedures,17.972P0
procedures,17.972Q0
procedures,17.972R0
procedures,17.972S0
procedures,17.97310
procedures,17.97320
procedures,17.97330
procedures,17.97410
procedures,17.97420
procedures,17.97430
procedures,17.97500
procedures,17.98110
procedures,17.98121
procedures,17.98122
procedures,17.98123
procedures,17.98124
procedures,17.98125
procedures,17.98211
procedures,17.98212
procedures,17.98220
procedures,17.98230
procedures,17.98310
procedures,17.98320
procedures,17.98340
procedures,17.98410
procedures,17.98421
procedures,17.98422
procedures,17.98510
procedures,17.98511
procedures,17.98512
procedures,17.98521
procedures,17.98611
procedures,17.98612
procedures,17.99110
procedures,17.99120
procedures,17.99130
procedures,17.99140
procedures,17.99150
procedures,17.99160
procedures,17.99170
procedures,17.99180
procedures,17.99190
procedures,17.991A0
procedures,17.991B0
procedures,17.991C0
procedures,17.991D0
procedures,17.991E0
procedures,17.991F0
procedures,17.99910
procedures,17.99920
procedures,17.99930
procedures,17.99940
procedures,18.0100x002
procedures,18.0900x002
procedures,18.0901
procedures,18.0902
procedures,18.1100
procedures,18.1200
procedures,18.1900
procedures,18.2900x017
procedures,20.3100
procedures,20.3201
procedures,20.3202
procedures,20.3901
procedures,20.9400
procedures,21.2100
procedures,21.2200
procedures,21.2900
procedures,21.3200x011
procedures,22.1100
procedures,22.1100x002
procedures,22.1901
procedures,23.2x00
procedures,23.3x00x001
procedures,23.4300
procedures,24.1100
procedures,24.1200
procedures,24.1900
procedures,24.8x01
procedures,25.0100
procedures,25.0900
procedures,26.1100x001
procedures,26.1100x003
procedures,26.1200x001
procedures,26.1200x002
procedures,26.1900x001
procedures,26.9900x002
procedures,27.0x01
procedures,27.0x02
procedures,27.0x03
procedures,27.0x04
procedures,27.0x05
procedures,27.0x06
procedures,27.0x07
procedures,27.0x08
procedures,27.0x09
procedures,27.0x10
procedures,27.2100
procedures,27.2101
procedures,27.2201
procedures,27.2202
procedures,27.2300
procedures,27.2401
procedures,27.2402
procedures,27.4300x011
procedures,28.0x00x002
procedures,28.0x00x003
procedures,28.0x01
procedures,28.0x02
procedures,28.0x03
procedures,28.1101
procedures,28.1102
procedures,28.1900
procedures,29.1100
procedures,29.1100x002
procedures,29.1201
procedures,29.1202
procedures,29.1203
procedures,29.1204
procedures,29.1900
procedures,31.4100
procedures,31.4200x001
procedures,31.4200x003
procedures,31.4201
procedures,31.4202
procedures,31.4300x002
procedures,31.4301
procedures,31.4800
procedures,31.4900
procedures,33.2100
procedures,33.2200x002
procedures,33.2200x003
procedures,33.2302
procedures,33.2405
procedures,33.2600x001
procedures,33.2600x002
procedures,33.2702
procedures,33.2900
procedures,33.7200
procedures,33.9300x001
procedures,33.9300x002
procedures,33.9302
procedures,34.0400x001
procedures,34.0401
procedures,34.0402
procedures,34.2300
procedures,34.2400x001
procedures,34.2500
procedures,34.2501
procedures,34.2800
procedures,34.9100x001
procedures,34.9101
procedures,34.9102
procedures,34.9103
procedures,34.9104
procedures,37.0x01
procedures,37.2000x003
procedures,37.2600x001
procedures,37.7000
procedures,37.7100
procedures,37.9500x001
procedures,37.9500x002
procedures,37.9700x001
procedures,37.9700x002
procedures,38.2100
procedures,38.2200
procedures,38.2900
procedures,38.9100
procedures,38.9100x601
procedures,38.9100x602
procedures,38.9200
procedures,38.9300
procedures,38.9300x001
procedures,38.9300x002
procedures,38.9300x003
procedures,38.9300x004
procedures,38.9300x005
procedures,38.9300x006
procedures,38.9300x007
procedures,38.9300x008
procedures,38.9300x201
procedures,38.9300x202
procedures,38.9300x701
procedures,38.9300x702
procedures,38.9300x901
procedures,38.9301
procedures,38.9302
procedures,38.9303
procedures,38.9304
procedures,38.9502
procedures,38.9700x002
procedures,38.9800x001
procedures,38.9800x801
procedures,38.9900x002
procedures,38.9900x501
procedures,38.9900x701
procedures,38.9900x901
procedures,39.4100x002
procedures,39.4301
procedures,39.6100
procedures,39.6200
procedures,39.6300
procedures,39.6400
procedures,39.6600
procedures,39.7300x006
procedures,39.8400
procedures,39.8500
procedures,39.8600
procedures,39.8700
procedures,39.8800
procedures,39.8900x001
procedures,39.9200
procedures,39.9701
procedures,39.9702
procedures,39.9703
procedures,39.9704
procedures,39.9705
procedures,40.0x00x001
procedures,40.1100x005
procedures,40.1100x006
procedures,40.1100x007
procedures,40.1100x008
procedures,40.1100x009
procedures,40.1100x010
procedures,40.1100x011
procedures,40.1101
procedures,40.1102
procedures,40.1103
procedures,40.1104
procedures,40.1106
procedures,40.1900x002
procedures,41.3100
procedures,41.3200x001
procedures,41.3800x001
procedures,41.3900
procedures,42.2300x001
procedures,42.2300x002
procedures,42.2400x001
procedures,42.2400x003
procedures,42.2900
procedures,44.1100x002
procedures,44.1101
procedures,44.1200
procedures,44.1300x001
procedures,44.1301
procedures,44.1400x003
procedures,44.1401
procedures,44.1402
procedures,44.1901
procedures,45.1101
procedures,45.1200x001
procedures,45.1300x001
procedures,45.1300x004
procedures,45.1300x005
procedures,45.1300x006
procedures,45.1300x007
procedures,45.1301
procedures,45.1302
procedures,45.1400x003
procedures,45.1401
procedures,45.1402
procedures,45.1600x001
procedures,45.1900
procedures,45.2101
procedures,45.2200x001
procedures,45.2300x001
procedures,45.2301
procedures,45.2302
procedures,45.2303
procedures,45.2401
procedures,45.2500x004
procedures,45.2501
procedures,45.2700
procedures,45.2800
procedures,45.2900
procedures,47.1100
procedures,47.1900x001
procedures,48.2101
procedures,48.2200
procedures,48.2300
procedures,48.2300x003
procedures,48.2301
procedures,48.2400x002
procedures,48.2400x003
procedures,48.2401
procedures,48.2600
procedures,48.2900
procedures,49.2100
procedures,49.2200
procedures,49.2300
procedures,49.2900
procedures,49.3900x016
procedures,50.1100x001
procedures,50.1100x005
procedures,50.1101
procedures,50.1300
procedures,50.1900
procedures,50.9101
procedures,50.9102
procedures,50.9103
procedures,51.1101
procedures,51.1102
procedures,51.1103
procedures,51.1201
procedures,51.1202
procedures,51.1401
procedures,51.1402
procedures,51.1403
procedures,51.1404
procedures,51.1900
procedures,51.9802
procedures,51.9809
procedures,52.1100x001
procedures,52.1101
procedures,52.1301
procedures,52.1400
procedures,52.1900x001
procedures,54.2200x004
procedures,54.2201
procedures,54.2202
procedures,54.2400x001
procedures,54.2400x002
procedures,54.2400x003
procedures,54.2400x006
procedures,54.2401
procedures,54.2403
procedures,54.2404
procedures,54.2500x001
procedures,54.2900
procedures,54.9100x002
procedures,54.9100x009
procedures,54.9101
procedures,54.9102
procedures,54.9103
procedures,54.9104
procedures,54.9105
procedures,54.9106
procedures,54.9600
procedures,55.2101
procedures,55.2200
procedures,55.2300x001
procedures,55.2300x003
procedures,55.2301
procedures,55.2302
procedures,55.2900
procedures,56.3100
procedures,56.3200
procedures,56.3300x001
procedures,56.3500x001
procedures,56.3501
procedures,56.3502
procedures,56.3900
procedures,57.0x01
procedures,57.3100
procedures,57.3200x001
procedures,57.3300
procedures,57.3900
procedures,57.9400
procedures,57.9500
procedures,58.2100
procedures,58.2200x001
procedures,58.2300
procedures,58.2400
procedures,58.2900
procedures,59.2101
procedures,59.2102
procedures,59.2900
procedures,59.9201
procedures,59.9900x002
procedures,59.9902
procedures,59.9903
procedures,60.1100x002
procedures,60.1100x003
procedures,60.1101
procedures,60.1300
procedures,60.1500
procedures,60.1800
procedures,60.9201
procedures,61.1101
procedures,61.1102
procedures,61.1900
procedures,61.3x00x006
procedures,62.1100
procedures,62.1900
procedures,62.9200
procedures,63.0101
procedures,63.0102
procedures,63.0103
procedures,63.0900x001
procedures,64.1100
procedures,64.1900
procedures,64.2x00x007
procedures,65.1100
procedures,65.1400
procedures,65.1900
procedures,66.1100
procedures,66.1900x001
procedures,66.8x00x001
procedures,67.1100
procedures,67.1200x001
procedures,67.1901
procedures,68.1100
procedures,68.1200x001
procedures,68.1602
procedures,68.1901
procedures,69.0901
procedures,69.0902
procedures,69.6x01
procedures,69.9100x001
procedures,69.9300
procedures,70.0x00x002
procedures,70.0x00x003
procedures,70.2100
procedures,70.2200
procedures,70.2300
procedures,70.2301
procedures,70.2400
procedures,70.9400x001
procedures,70.9400x002
procedures,70.9400x003
procedures,70.9500x001
procedures,71.1100
procedures,71.1900
procedures,71.2200x002
procedures,71.3x00x022
procedures,71.3x00x024
procedures,73.0100
procedures,73.0900x001
procedures,73.1x00x003
procedures,73.4x00x008
procedures,73.4x00x009
procedures,73.4x01
procedures,73.4x02
procedures,73.4x03
procedures,73.4x04
procedures,73.5100
procedures,73.5900x002
procedures,73.5900x003
procedures,75.3400x001
procedures,75.3500x001
procedures,75.9900x001
procedures,76.0901
procedures,76.0902
procedures,76.0904
procedures,76.1100
procedures,76.1101
procedures,76.1901
procedures,77.4101
procedures,77.4102
procedures,77.4103
procedures,77.4104
procedures,77.4200
procedures,77.4301
procedures,77.4302
procedures,77.4401
procedures,77.4402
procedures,77.4500
procedures,77.4600
procedures,77.4701
procedures,77.4702
procedures,77.4801
procedures,77.4802
procedures,77.4900x004
procedures,77.4900x005
procedures,77.4900x006
procedures,77.4900x007
procedures,77.4901
procedures,77.4902
procedures,77.4903
procedures,77.4904
procedures,78.8100
procedures,78.8100x001
procedures,78.8100x002
procedures,78.8100x003
procedures,78.8100x004
procedures,78.8200
procedures,78.8200x001
procedures,78.8300
procedures,78.8300x001
procedures,78.8300x002
procedures,78.8400
procedures,78.8400x001
procedures,78.8400x002
procedures,78.8500
procedures,78.8500x001
procedures,78.8600
procedures,78.8600x001
procedures,78.8700
procedures,78.8700x001
procedures,78.8700x002
procedures,78.8800
procedures,78.8800x001
procedures,78.8800x002
procedures,78.8900
procedures,78.8900x001
procedures,78.8900x002
procedures,80.2000
procedures,80.2100
procedures,80.2200
procedures,80.2300
procedures,80.2401
procedures,80.2500
procedures,80.2600
procedures,80.2700
procedures,80.2801
procedures,80.2900
procedures,80.3000
procedures,80.3100
procedures,80.3200
procedures,80.3300
procedures,80.3401
procedures,80.3500
procedures,80.3600
procedures,80.3700
procedures,80.3800
procedures,80.3900x001
procedures,80.3901
procedures,80.3902
procedures,81.9800
procedures,82.9200
procedures,82.9400
procedures,83.2100
procedures,83.9500x001
procedures,83.9501
procedures,83.9502
procedures,83.9600
procedures,83.9700
procedures,83.9800x001
procedures,84.5100x002
procedures,84.5100x003
procedures,84.5100x004
procedures,84.5100x005
procedures,84.5100x006
procedures,84.5100x007
procedures,84.5200
procedures,84.7100x001
procedures,84.7200x001
procedures,84.7300x001
procedures,85.1100x001
procedures,85.1100x003
procedures,85.1200x001
procedures,85.1900x002
procedures,85.2000x002
procedures,85.9100
procedures,85.9200x001
procedures,86.0400x011
procedures,86.0401
procedures,86.0402
procedures,86.0601
procedures,86.0602
procedures,86.0603
procedures,86.0701
procedures,86.0900x006
procedures,86.0900x007
procedures,86.1100
procedures,86.1900
procedures,86.2601
procedures,86.2701
procedures,86.2800x012
procedures,86.3x17
procedures,87.0100
procedures,87.0201
procedures,87.0300x001
procedures,87.0301
procedures,87.0302
procedures,87.0400x001
procedures,87.0501
procedures,87.0600x001
procedures,87.0700x001
procedures,87.0900x001
procedures,87.0900x002
procedures,87.0901
procedures,87.1100
procedures,87.1200x001
procedures,87.1201
procedures,87.1300x001
procedures,87.1400x001
procedures,87.1500x001
procedures,87.1600x006
procedures,87.1600x007
procedures,87.1601
procedures,87.1602
procedures,87.1603
procedures,87.1604
procedures,87.1605
procedures,87.1700x001
procedures,87.2100x002
procedures,87.2101
procedures,87.2102
procedures,87.2200x001
procedures,87.2200x002
procedures,87.2300x001
procedures,87.2300x002
procedures,87.2400x001
procedures,87.2400x004
procedures,87.2401
procedures,87.2402
procedures,87.2900x001
procedures,87.3100x001
procedures,87.3201
procedures,87.3300
procedures,87.3400x001
procedures,87.3501
procedures,87.3600x001
procedures,87.3701
procedures,87.3801
procedures,87.3900
procedures,87.4100x004
procedures,87.4101
procedures,87.4102
procedures,87.4103
procedures,87.4104
procedures,87.4200
procedures,87.4300x004
procedures,87.4301
procedures,87.4302
procedures,87.4303
procedures,87.4401
procedures,87.4900x001
procedures,87.5101
procedures,87.5200
procedures,87.5300
procedures,87.5400x003
procedures,87.5401
procedures,87.5402
procedures,87.5403
procedures,87.5900x002
procedures,87.5900x003
procedures,87.5901
procedures,87.6101
procedures,87.6200x001
procedures,87.6300
procedures,87.6400x001
procedures,87.6401
procedures,87.6500
procedures,87.6600x001
procedures,87.6900x001
procedures,87.6901
procedures,87.7101
procedures,87.7102
procedures,87.7200
procedures,87.7301
procedures,87.7302
procedures,87.7401
procedures,87.7402
procedures,87.7403
procedures,87.7500
procedures,87.7600
procedures,87.7700x001
procedures,87.7800
procedures,87.7901
procedures,87.8100
procedures,87.8201
procedures,87.8300x001
procedures,87.8300x002
procedures,87.8400
procedures,87.8501
procedures,87.8502
procedures,87.8900
procedures,87.9100
procedures,87.9201
procedures,87.9202
procedures,87.9300x001
procedures,87.9400x001
procedures,87.9501
procedures,87.9502
procedures,87.9900
procedures,88.0100x001
procedures,88.0100x002
procedures,88.0101
procedures,88.0102
procedures,88.0103
procedures,88.0104
procedures,88.0200
procedures,88.0300
procedures,88.0400
procedures,88.0401
procedures,88.0900
procedures,88.1101
procedures,88.1201
procedures,88.1300
procedures,88.1400
procedures,88.1500
procedures,88.1600
procedures,88.1901
procedures,88.2101
procedures,88.2102
procedures,88.2201
procedures,88.2202
procedures,88.2301
procedures,88.2302
procedures,88.2303
procedures,88.2400
procedures,88.2500
procedures,88.2601
procedures,88.2602
procedures,88.2603
procedures,88.2701
procedures,88.2702
procedures,88.2703
procedures,88.2801
procedures,88.2802
procedures,88.2900
procedures,88.3100
procedures,88.3200x001
procedures,88.3201
procedures,88.3202
procedures,88.3203
procedures,88.3204
procedures,88.3205
procedures,88.3206
procedures,88.3301
procedures,88.3400
procedures,88.3500
procedures,88.3600
procedures,88.3700
procedures,88.3800x002
procedures,88.3800x003
procedures,88.3800x004
procedures,88.3800x005
procedures,88.3800x006
procedures,88.3800x007
procedures,88.3800x008
procedures,88.3800x014
procedures,88.3800x015
procedures,88.3800x016
procedures,88.3800x017
procedures,88.3800x018
procedures,88.3800x019
procedures,88.3800x020
procedures,88.3800x021
procedures,88.3800x022
procedures,88.3800x023
procedures,88.3800x024
procedures,88.3800x025
procedures,88.3800x026
procedures,88.3800x027
procedures,88.3800x028
procedures,88.3800x029
procedures,88.3800x030
procedures,88.3800x031
procedures,88.3800x032
procedures,88.3800x033
procedures,88.3800x034
procedures,88.3800x035
procedures,88.3800x036
procedures,88.3800x037
procedures,88.3800x038
procedures,88.3800x039
procedures,88.3800x040
procedures,88.3800x041
procedures,88.3800x042
procedures,88.3800x043
procedures,88.3800x044
procedures,88.3801
procedures,88.3802
procedures,88.3803
procedures,88.3804
procedures,88.3805
procedures,88.3900x001
procedures,88.4000
procedures,88.7100x001
procedures,88.7100x002
procedures,88.7100x004
procedures,88.7100x005
procedures,88.7101
procedures,88.7102
procedures,88.7103
procedures,88.7104
procedures,88.7200x004
procedures,88.7201
procedures,88.7202
procedures,88.7300x003
procedures,88.7300x004
procedures,88.7300x005
procedures,88.7301
procedures,88.7302
procedures,88.7303
procedures,88.7400x001
procedures,88.7400x002
procedures,88.7400x003
procedures,88.7400x004
procedures,88.7400x005
procedures,88.7400x006
procedures,88.7400x007
procedures,88.7401
procedures,88.7402
procedures,88.7403
procedures,88.7404
procedures,88.7500x001
procedures,88.7501
procedures,88.7502
procedures,88.7503
procedures,88.7504
procedures,88.7600x001
procedures,88.7600x002
procedures,88.7601
procedures,88.7700x001
procedures,88.7700x002
procedures,88.7700x003
procedures,88.7700x004
procedures,88.7700x005
procedures,88.7700x006
procedures,88.7700x007
procedures,88.7701
procedures,88.7800
procedures,88.7801
procedures,88.7900x001
procedures,88.7900x004
procedures,88.7900x005
procedures,88.7900x007
procedures,88.7900x008
procedures,88.7900x009
procedures,88.7900x010
procedures,88.7900x013
procedures,88.7901
procedures,88.7902
procedures,88.7903
procedures,88.7904
procedures,88.7905
procedures,88.7906
procedures,88.7907
procedures,88.8100
procedures,88.8200
procedures,88.8300
procedures,88.8300x002
procedures,88.8400
procedures,88.8500
procedures,88.8600
procedures,88.8901
procedures,88.9000x001
procedures,88.9100x003
procedures,88.9101
procedures,88.9201
procedures,88.9202
procedures,88.9203
procedures,88.9301
procedures,88.9302
procedures,88.9303
procedures,88.9304
procedures,88.9401
procedures,88.9402
procedures,88.9501
procedures,88.9502
procedures,88.9503
procedures,88.9504
procedures,88.9600
procedures,88.9700x002
procedures,88.9700x004
procedures,88.9700x006
procedures,88.9700x007
procedures,88.9701
procedures,88.9702
procedures,88.9703
procedures,88.9704
procedures,88.9705
procedures,88.9800
procedures,89.0100
procedures,89.0200
procedures,89.0300
procedures,89.0301
procedures,89.0400
procedures,89.0500
procedures,89.0601
procedures,89.0700
procedures,89.0800x002
procedures,89.0801
procedures,89.0900
procedures,89.1000
procedures,89.1100
procedures,89.1200
procedures,89.1201
procedures,89.1300
procedures,89.1301
procedures,89.1400
procedures,89.1500x001
procedures,89.1600
procedures,89.1700x001
procedures,89.1701
procedures,89.1702
procedures,89.1800x001
procedures,89.1900x001
procedures,89.1900x002
procedures,89.2100
procedures,89.2200
procedures,89.2300
procedures,89.2400
procedures,89.2500
procedures,89.2600x001
procedures,89.2600x003
procedures,89.2901
procedures,89.2902
procedures,89.3100
procedures,89.3200
procedures,89.3300
procedures,89.3300x002
procedures,89.3400
procedures,89.3500
procedures,89.3600
procedures,89.3700
procedures,89.3701
procedures,89.3702
procedures,89.3800x003
procedures,89.3801
procedures,89.3901
procedures,89.3902
procedures,89.3903
procedures,89.3904
procedures,89.4101
procedures,89.4200
procedures,89.4301
procedures,89.4401
procedures,89.4402
procedures,89.4501
procedures,89.4600
procedures,89.4700
procedures,89.4800
procedures,89.4900
procedures,89.5001
procedures,89.5100
procedures,89.5200
procedures,89.5300
procedures,89.5400
procedures,89.5501
procedures,89.5600
procedures,89.5700
procedures,89.5801
procedures,89.5900x002
procedures,89.5900x003
procedures,89.5901
procedures,89.6000x001
procedures,89.6100x001
procedures,89.6200
procedures,89.6300
procedures,89.6400x001
procedures,89.6400x003
procedures,89.6500x002
procedures,89.6600
procedures,89.6700
procedures,89.6800x001
procedures,89.6801
procedures,89.6900
procedures,89.7x00
procedures,89.8x00
procedures,90.0100
procedures,90.0200
procedures,90.0300
procedures,90.0400
procedures,90.0500
procedures,90.0600
procedures,90.0900
procedures,90.1100
procedures,90.1200
procedures,90.1300
procedures,90.1400
procedures,90.1500
procedures,90.1600
procedures,90.1900
procedures,90.2100
procedures,90.2200
procedures,90.2300
procedures,90.2400
procedures,90.2500
procedures,90.2600
procedures,90.2900
procedures,90.3100
procedures,90.3200
procedures,90.3300
procedures,90.3400
procedures,90.3500
procedures,90.3600
procedures,90.3900
procedures,90.4100
procedures,90.4200
procedures,90.4300
procedures,90.4400
procedures,90.4500
procedures,90.4600
procedures,90.4900
procedures,90.5100
procedures,90.5200
procedures,90.5300
procedures,90.5400
procedures,90.5500
procedures,90.5600
procedures,90.5900
procedures,90.6100
procedures,90.6200
procedures,90.6300
procedures,90.6400
procedures,90.6500
procedures,90.6600
procedures,90.6900
procedures,90.7100
procedures,90.7200
procedures,90.7300
procedures,90.7400
procedures,90.7500
procedures,90.7600
procedures,90.7900
procedures,90.8100
procedures,90.8200
procedures,90.8300
procedures,90.8400
procedures,90.8500
procedures,90.8600
procedures,90.8900
procedures,90.9100
procedures,90.9200
procedures,90.9300
procedures,90.9400
procedures,90.9500
procedures,90.9600
procedures,90.9900
procedures,91.0100
procedures,91.0200
procedures,91.0300
procedures,91.0400
procedures,91.0500
procedures,91.0600
procedures,91.0900
procedures,91.1100
procedures,91.1200
procedures,91.1300
procedures,91.1400
procedures,91.1500
procedures,91.1600
procedures,91.1900
procedures,91.2100
procedures,91.2200
procedures,91.2300
procedures,91.2400
procedures,91.2500
procedures,91.2600
procedures,91.2900
procedures,91.3100
procedures,91.3200
procedures,91.3300
procedures,91.3400
procedures,91.3500
procedures,91.3600
procedures,91.3900
procedures,91.4100
procedures,91.4200
procedures,91.4300
procedures,91.4400
procedures,91.4500
procedures,91.4600
procedures,91.4900
procedures,91.5100
procedures,91.5200
procedures,91.5300
procedures,91.5400
procedures,91.5500
procedures,91.5600
procedures,91.5900
procedures,91.6100
procedures,91.6200
procedures,91.6300
procedures,91.6400
procedures,91.6500
procedures,91.6600
procedures,91.6900
procedures,91.7100
procedures,91.7200
procedures,91.7300
procedures,91.7400
procedures,91.7500
procedures,91.7600
procedures,91.7900
procedures,91.8100
procedures,91.8200
procedures,91.8300
procedures,91.8400
procedures,91.8500
procedures,91.8600
procedures,91.8900
procedures,91.9100
procedures,91.9200
procedures,91.9300
procedures,91.9400
procedures,91.9500
procedures,91.9600
procedures,91.9900
procedures,92.0101
procedures,92.0201
procedures,92.0300x002
procedures,92.0301
procedures,92.0400x001
procedures,92.0401
procedures,92.0500x001
procedures,92.0501
procedures,92.0502
procedures,92.0503
procedures,92.0900x001
procedures,92.0900x002
procedures,92.1101
procedures,92.1201
procedures,92.1202
procedures,92.1300x001
procedures,92.1401
procedures,92.1501
procedures,92.1601
procedures,92.1701
procedures,92.1800x001
procedures,92.1800x002
procedures,92.1801
procedures,92.1900x001
procedures,92.1901
procedures,92.1902
procedures,92.1903
procedures,92.1904
procedures,92.1905
procedures,93.0100x002
procedures,93.0101
procedures,93.0102
procedures,93.0103
procedures,93.0104
procedures,93.0105
procedures,93.0106
procedures,93.0107
procedures,93.0108
procedures,93.0109
procedures,93.0200
procedures,93.0300
procedures,93.0400
procedures,93.0401
procedures,93.0500
procedures,93.0600
procedures,93.0700x001
procedures,93.0701
procedures,93.0702
procedures,93.0703
procedures,93.0800x002
procedures,93.0900x001
procedures,93.2100
procedures,93.3200
procedures,93.3300x001
procedures,93.3400
procedures,93.3400x002
procedures,93.3500x004
procedures,93.3500x008
procedures,93.3501
procedures,93.3502
procedures,93.3503
procedures,93.3504
procedures,93.3505
procedures,93.3506
procedures,93.3507
procedures,93.3508
procedures,93.3509
procedures,93.3525
procedures,93.3700
procedures,93.3800x001
procedures,93.3900x001
procedures,93.3900x003
procedures,93.3900x004
procedures,93.3900x005
procedures,93.3902
procedures,93.3904
procedures,93.3905
procedures,93.3906
procedures,93.3907
procedures,93.3908
procedures,93.3909
procedures,93.3910
procedures,93.3911
procedures,93.3912
procedures,93.4100x001
procedures,93.4101
procedures,93.4102
procedures,93.4200x004
procedures,93.4201
procedures,93.4202
procedures,93.4300
procedures,93.4400x003
procedures,93.4400x009
procedures,93.4400x011
procedures,93.4401
procedures,93.4402
procedures,93.4403
procedures,93.4404
procedures,93.4405
procedures,93.4406
procedures,93.4407
procedures,93.4500
procedures,93.4600x001
procedures,93.5100x001
procedures,93.5201
procedures,93.5300x001
procedures,93.5400x001
procedures,93.5401
procedures,93.5402
procedures,93.5403
procedures,93.5404
procedures,93.5405
procedures,93.5500x001
procedures,93.5601
procedures,93.5602
procedures,93.5700x001
procedures,93.5800
procedures,93.5900x002
procedures,93.5900x005
procedures,93.5901
procedures,93.5902
procedures,93.5903
procedures,93.5904
procedures,93.5905
procedures,93.6100
procedures,93.6200
procedures,93.6300
procedures,93.6400
procedures,93.6500
procedures,93.6600
procedures,93.6701
procedures,93.6702
procedures,93.8100
procedures,93.8200
procedures,93.8300x001
procedures,93.8301
procedures,93.8400
procedures,93.8900x002
procedures,93.9301
procedures,93.9401
procedures,93.9500
procedures,93.9601
procedures,93.9700
procedures,93.9800
procedures,93.9900
procedures,94.0100x002
procedures,94.0100x003
procedures,94.0100x004
procedures,94.0101
procedures,94.0102
procedures,94.0200x004
procedures,94.0200x005
procedures,94.0200x010
procedures,94.0200x011
procedures,94.0200x012
procedures,94.0200x013
procedures,94.0201
procedures,94.0202
procedures,94.0203
procedures,94.0204
procedures,94.0300
procedures,94.0301
procedures,94.0800x001
procedures,94.0800x002
procedures,94.0900
procedures,94.1100x005
procedures,94.1101
procedures,94.1102
procedures,94.1103
procedures,94.1104
procedures,94.1105
procedures,94.1200x002
procedures,94.1300
procedures,94.1900x001
procedures,94.2101
procedures,94.2200
procedures,94.2300x001
procedures,94.2300x002
procedures,94.2300x003
procedures,94.2301
procedures,94.2400
procedures,94.2500x002
procedures,94.2501
procedures,94.2600
procedures,94.2701
procedures,94.2702
procedures,94.2900x002
procedures,94.2901
procedures,94.3100
procedures,94.3200
procedures,94.3301
procedures,94.3302
procedures,94.3400
procedures,94.3500x001
procedures,94.3600
procedures,94.3700
procedures,94.3800
procedures,94.3900x004
procedures,94.3901
procedures,94.3902
procedures,94.3903
procedures,94.4100
procedures,94.4200
procedures,94.4300
procedures,94.4401
procedures,94.4500
procedures,94.4600x001
procedures,94.4901
procedures,94.5100
procedures,94.5200
procedures,94.5300
procedures,94.5400
procedures,94.5500
procedures,94.5900x001
procedures,94.6101
procedures,94.6200
procedures,94.6300
procedures,94.6400
procedures,94.6500
procedures,94.6600
procedures,94.6700
procedures,94.6800
procedures,94.6900
procedures,95.0101
procedures,95.0102
procedures,95.0104
procedures,95.0105
procedures,95.0200
procedures,95.0300x004
procedures,95.0301
procedures,95.0302
procedures,95.0303
procedures,95.0400
procedures,95.0500
procedures,95.0600
procedures,95.0700
procedures,95.0901
procedures,95.1100
procedures,95.1200x003
procedures,95.1201
procedures,95.1202
procedures,95.1300
procedures,95.1300x002
procedures,95.1400
procedures,95.1500
procedures,95.1601
procedures,95.2100
procedures,95.2200
procedures,95.2300
procedures,95.2400
procedures,95.2500
procedures,95.2601
procedures,95.3101
procedures,95.3200x001
procedures,95.3301
procedures,95.3400
procedures,95.3500
procedures,95.3600
procedures,95.4101
procedures,95.4102
procedures,95.4201
procedures,95.4202
procedures,95.4300
procedures,95.4301
procedures,95.4401
procedures,95.4500
procedures,95.4601
procedures,95.4700x002
procedures,95.4800
procedures,95.4900
procedures,95.4900x001
procedures,96.0100
procedures,96.0200
procedures,96.0300
procedures,96.0400
procedures,96.0500x002
procedures,96.0700x001
procedures,96.0700x002
procedures,96.0800x001
procedures,96.0800x004
procedures,96.0800x005
procedures,96.0800x006
procedures,96.0800x007
procedures,96.0900
procedures,96.0901
procedures,96.1100
procedures,96.1400
procedures,96.1500
procedures,96.1600x001
procedures,96.1601
procedures,96.1700
procedures,96.1900
procedures,96.2100
procedures,96.2200
procedures,96.2300
procedures,96.2400x001
procedures,96.2401
procedures,96.2501
procedures,96.2600
procedures,96.2700
procedures,96.2800
procedures,96.3100x001
procedures,96.3200
procedures,96.3300
procedures,96.3400x001
procedures,96.3500x001
procedures,96.3601
procedures,96.3602
procedures,96.3700x001
procedures,96.3800
procedures,96.3901
procedures,96.3902
procedures,96.3903
procedures,96.3904
procedures,96.4101
procedures,96.4102
procedures,96.4200
procedures,96.4300
procedures,96.4400
procedures,96.4501
procedures,96.4502
procedures,96.4601
procedures,96.4602
procedures,96.4700
procedures,96.4801
procedures,96.4901
procedures,96.5100
procedures,96.5200x001
procedures,96.5200x002
procedures,96.5201
procedures,96.5300
procedures,96.5400x001
procedures,96.5400x002
procedures,96.5401
procedures,96.5500
procedures,96.5700
procedures,96.5800
procedures,96.5900x001
procedures,96.6x01
procedures,96.6x02
procedures,97.0101
procedures,97.0200
procedures,97.0301
procedures,97.0302
procedures,97.0401
procedures,97.0501
procedures,97.0503
procedures,97.0504
procedures,97.1100
procedures,97.1200
procedures,97.1300x001
procedures,97.1400x001
procedures,97.1500
procedures,97.1600x001
procedures,97.1600x002
procedures,97.2100
procedures,97.2200
procedures,97.2300
procedures,97.2301
procedures,97.2400x001
procedures,97.2500x001
procedures,97.2601
procedures,97.2602
procedures,97.2900
procedures,97.2900x001
procedures,97.3100
procedures,97.3200
procedures,97.3300x001
procedures,97.3400
procedures,97.3500
procedures,97.3600x002
procedures,97.3601
procedures,97.3700x001
procedures,97.3800x001
procedures,97.3801
procedures,97.3802
procedures,97.3803
procedures,97.3804
procedures,97.3805
procedures,97.3806
procedures,97.3901
procedures,97.3902
procedures,97.3903
procedures,97.3904
procedures,97.3905
procedures,97.4101
procedures,97.4200
procedures,97.4300
procedures,97.4400x003
procedures,97.4401
procedures,97.4402
procedures,97.4900
procedures,97.5100
procedures,97.5200
procedures,97.5301
procedures,97.5400
procedures,97.5501
procedures,97.5502
procedures,97.5503
procedures,97.5504
procedures,97.5602
procedures,97.5603
procedures,97.6101
procedures,97.6102
procedures,97.6201
procedures,97.6202
procedures,97.6203
procedures,97.6204
procedures,97.6205
procedures,97.6300
procedures,97.6400x001
procedures,97.6401
procedures,97.6402
procedures,97.6501
procedures,97.6901
procedures,97.6902
procedures,97.7200
procedures,97.7300
procedures,97.7400x001
procedures,97.7500x001
procedures,97.7900x003
procedures,97.7900x004
procedures,97.7901
procedures,97.7902
procedures,97.7903
procedures,97.7904
procedures,97.8100
procedures,97.8200
procedures,97.8300
procedures,97.8400
procedures,97.8500
procedures,97.8600x004
procedures,97.8600x006
procedures,97.8600x007
procedures,97.8600x008
procedures,97.8600x009
procedures,97.8601
procedures,97.8602
procedures,97.8603
procedures,97.8700x001
procedures,97.8801
procedures,97.8802
procedures,97.8900x003
procedures,97.8900x004
procedures,97.8900x005
procedures,97.8901
procedures,97.8902
procedures,97.8903
procedures,97.8904
procedures,97.8905
procedures,98.0200x001
procedures,98.0201
procedures,98.5900x002
procedures,99.0000x002
procedures,99.0001
procedures,99.0100x001
procedures,99.0100x003
procedures,99.0101
procedures,99.0102
procedures,99.0200x001
procedures,99.0301
procedures,99.0400x001
procedures,99.0401
procedures,99.0500
procedures,99.0601
procedures,99.0701
procedures,99.0800
procedures,99.0901
procedures,99.0902
procedures,99.1000x011
procedures,99.1201
procedures,99.1300
procedures,99.1501
procedures,99.1502
procedures,99.1600x003
procedures,99.1601
procedures,99.1602
procedures,99.1700
procedures,99.1800x001
procedures,99.1800x002
procedures,99.1900
procedures,99.2000x001
procedures,99.2000x002
procedures,99.2100
procedures,99.2200x001
procedures,99.2300
procedures,99.2400x001
procedures,99.2401
procedures,99.2600
procedures,99.2700
procedures,99.2802
procedures,99.2803
procedures,99.2900x005
procedures,99.2900x006
procedures,99.2901
procedures,99.2902
procedures,99.2903
procedures,99.2904
procedures,99.2905
procedures,99.2906
procedures,99.2907
procedures,99.2908
procedures,99.3100
procedures,99.3200
procedures,99.3300
procedures,99.3400
procedures,99.3500
procedures,99.3600
procedures,99.3700
procedures,99.3800
procedures,99.3900
procedures,99.4100
procedures,99.4200
procedures,99.4300
procedures,99.4400
procedures,99.4500
procedures,99.4600
procedures,99.4700
procedures,99.4800
procedures,99.5100
procedures,99.5200
procedures,99.5300x001
procedures,99.5400
procedures,99.5500
procedures,99.5600
procedures,99.5600x001
procedures,99.5700x001
procedures,99.5801
procedures,99.5802
procedures,99.5900
procedures,99.6000
procedures,99.6100
procedures,99.6200x001
procedures,99.6201
procedures,99.6202
procedures,99.6300x001
procedures,99.6400
procedures,99.6900
procedures,99.7100
procedures,99.7200
procedures,99.7200x002
procedures,99.7200x003
procedures,99.7300
procedures,99.7400
procedures,99.7500
procedures,99.7700x001
procedures,99.7800
procedures,99.7901
procedures,99.8100x001
procedures,99.8200x002
procedures,99.8200x003
procedures,99.8200x004
procedures,99.8300x003
procedures,99.8300x004
procedures,99.8300x005
procedures,99.8301
procedures,99.8400
procedures,99.8500x001
procedures,99.8500x002
procedures,99.8500x003
procedures,99.8501
procedures,99.8502
procedures,99.8503
procedures,99.8601
procedures,99.8800x002
procedures,99.8801
procedures,99.8802
procedures,99.8803
procedures,99.8804
procedures,99.9100
procedures,99.9300
procedures,99.9400
procedures,99.9500
procedures,99.9600
procedures,99.9700
procedures,99.9800
procedures,99.9900x010
procedures,99.9900x011
procedures,99.9901
procedures,99.9902
